"Numer RSPO";Typ;Nazwa;Ulica;"Numer budynku";"Numer lokalu";"Kod pocztowy";Miejscowość;"Kod terytorialny ulica";"Kod terytorialny miejscowosc";"Kod terytorialny gmina";Telefon;Faks;E-mail;"Strona www";Województwo;Powiat;Gmina;REGON;NIP;"Publiczność status";"Kategoria uczniów";"Specyfika placówki";"Imię i nazwisko dyrektora";"Nazwa organu prowadzącego";"Typ organu prowadzącego";"Województwo organu prowadzącego";"Powiat organu prowadzącego";"Gmina organu prowadzącego";"Data założenia";"Data likwidacji";"Miejsce w strukturze";"Typ podmiotu nadrzędnego";"RSPO podmiotu nadrzędnego";"Nazwa podmiotu nadrzędnego"
4489;"Zespół szkół i placówek oświatowych";"ZESPÓŁ SZKÓŁ GASTRONOMICZNYCH IM. FEBRONII GAJEWSKIEJ-KARAMAĆ W GORZOWIE WLKP.";"ul. Okólna";"35 ";" ";"66-400 ";"Gorzów Wielkopolski";14890;0935140;0861011;"957225242 ";" ";zsg@edu.gorzow.pl;http://;LUBUSKIE;"Gorzów Wielkopolski";"Gorzów Wielkopolski - gmina miejska";"210203232 ";"5991113333 ";publiczna;"Bez kategorii";"brak specyfiki";"PAWEŁ CIERACH";"MIASTO GORZÓW WIELKOPOLSKI";"Miasto na prawach powiatu";LUBUSKIE;"Gorzów Wielkopolski";"Gorzów Wielkopolski";1994-01-01;;zespół;;;
4485;"Zespół szkół i placówek oświatowych";"ZESPÓŁ SZKÓŁ ELEKTRYCZNYCH IM. MAJORA HENRYKA SUCHARSKIEGO W GORZOWIE WLKP.";"ul. gen. Jarosława Dąbrowskiego";"33 ";" ";"66-400 ";"Gorzów Wielkopolski";03676;0935140;0861011;"957223639 ";"957225941 ";zsel@edu.gorzow.pl;http://www.zsel.edu.gorzow.pl;LUBUSKIE;"Gorzów Wielkopolski";"Gorzów Wielkopolski - gmina miejska";"210203249 ";"5991101784 ";publiczna;"Bez kategorii";"brak specyfiki";"Stanisław Jodko";"MIASTO GORZÓW WIELKOPOLSKI";"Miasto na prawach powiatu";LUBUSKIE;"Gorzów Wielkopolski";"Gorzów Wielkopolski";1994-01-01;;zespół;;;
132170;Przedszkole;"NIEPUBLICZNE PRZEDSZKOLE Z ODDZIAŁAMI INTEGRACYJNYMI ""CHATKA MAŁOLATKA""";"ul. Jana Dekerta";"93 ";" ";"66-400 ";"Gorzów Wielkopolski";03730;0935140;0861011;"724343434 ";" ";przedszkole.chatka@gmail.com;http://www.chatkamalolatka.edu.pl;LUBUSKIE;"Gorzów Wielkopolski";"Gorzów Wielkopolski - gmina miejska";"365491831 ";" ";niepubliczna;"Dzieci lub młodzież";"brak specyfiki";"KAMILA LECH";"USŁUGI EDUKACYJNE CHATKA MAŁOLATKA  SPÓŁKA Z OGRANICZONĄ ODPOWIEDZIALNOŚCIĄ";"Spółki Handlowe";LUBUSKIE;"Gorzów Wielkopolski";"Gorzów Wielkopolski";2016-09-01;;samodzielna;;;
4486;"Zespół szkół i placówek oświatowych";"ZESPÓŁ SZKÓŁ EKONOMICZNYCH IM. STEFANA STARZYŃSKIEGO W GORZOWIE WLKP.";"ul. 30 Stycznia";"29 ";" ";"66-400 ";"Gorzów Wielkopolski";21465;0935140;0861011;"957223595 ";" ";zsek@edu.gorzow.pl;http://;LUBUSKIE;"Gorzów Wielkopolski";"Gorzów Wielkopolski - gmina miejska";"210203226 ";"5990112969 ";publiczna;"Bez kategorii";"brak specyfiki";"Jarosław Kapelarz";"MIASTO GORZÓW WIELKOPOLSKI";"Miasto na prawach powiatu";LUBUSKIE;"Gorzów Wielkopolski";"Gorzów Wielkopolski";1994-01-01;;zespół;;;
61820;Przedszkole;"PRZEDSZKOLE MIEJSKIE NR 6 W GORZOWIE WLKP.";"ul. Michała Drzymały";"18 ";" ";"66-400 ";"Gorzów Wielkopolski";04317;0935140;0861011;"957224899 ";" ";p6@edu.gorzow.pl;http://;LUBUSKIE;"Gorzów Wielkopolski";"Gorzów Wielkopolski - gmina miejska";"080481744 ";"5993138136 ";publiczna;"Dzieci lub młodzież";"brak specyfiki";"Ewa Bandkowska";"MIASTO GORZÓW WIELKOPOLSKI";"Miasto na prawach powiatu";LUBUSKIE;"Gorzów Wielkopolski";"Gorzów Wielkopolski";2010-05-26;;samodzielna;;;
57376;Przedszkole;"PRZEDSZKOLE MIEJSKIE NR 3 IM. KRASNALA HAŁABAŁY W GORZOWIE WLKP.";"ul. Słoneczna";"11 ";" ";"66-400 ";"Gorzów Wielkopolski";20254;0935140;0861011;"957223363 ";" ";p3@edu.gorzow.pl;http://;LUBUSKIE;"Gorzów Wielkopolski";"Gorzów Wielkopolski - gmina miejska";"080478742 ";"5993136841 ";publiczna;"Dzieci lub młodzież";"brak specyfiki";"Renata Maniukiewicz";"MIASTO GORZÓW WIELKOPOLSKI";"Miasto na prawach powiatu";LUBUSKIE;"Gorzów Wielkopolski";"Gorzów Wielkopolski";2010-05-26;;samodzielna;;;
12311;"Zespół szkół i placówek oświatowych";"ZESPÓŁ SZKÓŁ MISTRZOSTWA SPORTOWEGO W GORZOWIE WLKP.";"ul. Jana Stanisławskiego";"2 ";" ";"66-400 ";"Gorzów Wielkopolski";20834;0935140;0861011;"957224404 ";" ";zsspo@edu.gorzow.pl;http://;LUBUSKIE;"Gorzów Wielkopolski";"Gorzów Wielkopolski - gmina miejska";"080023289 ";"5992919512 ";publiczna;"Bez kategorii";"brak specyfiki";"Katarzyna Piechota";"MIASTO GORZÓW WIELKOPOLSKI";"Miasto na prawach powiatu";LUBUSKIE;"Gorzów Wielkopolski";"Gorzów Wielkopolski";2005-03-09;;zespół;;;
266379;"Niepubliczna placówka kształcenia ustawicznego i praktycznego";"CENTRUM KSZTAŁCENIA USTAWICZNEGO OŚRODEK SZKOLEŃ SPECJALNYCH ATEX";"ul. Kazimierza Wielkiego";"65 A ";" ";"66-400 ";"Gorzów Wielkopolski";08265;0935140;0861011;" ";" ";r.mruczyk@tlen.pl;http://;LUBUSKIE;"Gorzów Wielkopolski";"Gorzów Wielkopolski - gmina miejska";"369451700 ";"5993206079 ";niepubliczna;"Bez kategorii";"brak specyfiki";"ROBERT MRUCZYK";"ATEX SPÓŁKA Z OGRANICZONĄ ODPOWIEDZIALNOŚCIĄ";"Spółki Handlowe";LUBUSKIE;"Gorzów Wielkopolski";"Gorzów Wielkopolski";2018-02-06;;samodzielna;;;
109803;"Szkoła podstawowa";"SZKOŁA PODSTAWOWA KATOLICKIEGO STOWARZYSZENIA WYCHOWAWCÓW";"ul. Józefa Chełmońskiego";"1 ";" ";"66-400 ";"Gorzów Wielkopolski";02706;0935140;0861011;"957213163 ";" ";sekretariat@spigksw.pl;http://www.spigksw.pl;LUBUSKIE;"Gorzów Wielkopolski";"Gorzów Wielkopolski - gmina miejska";"081112724 ";" ";niepubliczna;"Dzieci lub młodzież";"brak specyfiki";"Leszek Weichert";"KATOLICKIE STOWARZYSZENIE WYCHOWAWCÓW ODDZIAŁ W GORZOWIE WIELKOPOLSKIM";Stowarzyszenia;LUBUSKIE;"Gorzów Wielkopolski";"Gorzów Wielkopolski";1991-09-01;;samodzielna;;;
126970;"Szkoła podstawowa";"I SPOŁECZNA SZKOŁA PODSTAWOWA W GORZOWIE WLKP.";"ul. Kazimierza Wielkiego";"65 ";"A ";"66-400 ";"Gorzów Wielkopolski";08265;0935140;0861011;"957214952 ";" ";gorzow1ssp@onet.pl;http://www.1sspgorzow.edupage.org;LUBUSKIE;"Gorzów Wielkopolski";"Gorzów Wielkopolski - gmina miejska";"360988768 ";"5993175982 ";niepubliczna;"Dzieci lub młodzież";"brak specyfiki";"Halina Antczak";"STOWARZYSZENIE PRZYJACIÓŁ KSZTAŁCENIA I WYCHOWANIA MŁODZIEŻY";Stowarzyszenia;LUBUSKIE;"Gorzów Wielkopolski";"Gorzów Wielkopolski";2015-01-19;;samodzielna;;;
29182;"Poradnia psychologiczno-pedagogiczna";"PORADNIA PSYCHOLOGICZNO-PEDAGOGICZNA NR 1 W GORZOWIE WLKP.";"ul. Józefa Pankiewicza";"5-7 ";" ";"66-400 ";"Gorzów Wielkopolski";15633;0935140;0861011;"957330468 ";"957330467 ";porpsychped1@powiatgorzowski.pl;http://www.ppp1.powiatgorzowski.pl;LUBUSKIE;"Gorzów Wielkopolski";"Gorzów Wielkopolski - gmina miejska";"210240894 ";" ";publiczna;"Bez kategorii";"brak specyfiki";"Małgorzata Kobryń";"POWIAT GORZOWSKI";"Powiat ziemski";LUBUSKIE;"Gorzów Wielkopolski";"Gorzów Wielkopolski";1994-12-02;;samodzielna;;;
267273;"Niepubliczna placówka kształcenia ustawicznego i praktycznego";"AKADEMIA MSP OCHRONY ZDROWIA I URODY";"ul. Dąbroszyńska";"60 ";" ";"66-400 ";"Gorzów Wielkopolski";03659;0935140;0861011;" ";" ";dyrektor@akademiamsp.eu;http://;LUBUSKIE;"Gorzów Wielkopolski";"Gorzów Wielkopolski - gmina miejska";"380052413 ";"5991257368 ";niepubliczna;"Bez kategorii";"brak specyfiki";"DARIUSZ PILCH";"MONIKA SEKITA - PILCH";"Osoba fizyczna";LUBUSKIE;"Gorzów Wielkopolski";"Gorzów Wielkopolski";2006-09-25;;samodzielna;;;
57375;Przedszkole;"PRZEDSZKOLE MIEJSKIE NR 29 IM. KASZTANOWA KRAINA W GORZOWIE WLKP.";"ul. Walerego Wróblewskiego";"48 ";" ";"66-400 ";"Gorzów Wielkopolski";24838;0935140;0861011;"957353777 ";" ";p29@edu.gorzow.pl;http://;LUBUSKIE;"Gorzów Wielkopolski";"Gorzów Wielkopolski - gmina miejska";"080485660 ";"5993137160 ";publiczna;"Dzieci lub młodzież";"brak specyfiki";"Barbara Jasiczak";"MIASTO GORZÓW WIELKOPOLSKI";"Miasto na prawach powiatu";LUBUSKIE;"Gorzów Wielkopolski";"Gorzów Wielkopolski";2010-05-26;;samodzielna;;;
107103;Przedszkole;"PRZEDSZKOLE NIEPUBLICZNE DZIECIĘCY RAJ";"ul. Osadnicza";"3 ";" ";"66-400 ";"Gorzów Wielkopolski";15227;0935140;0861011;"535355292 ";" ";dyrektor@razem.edu.pl;http://www.razem.edu.pl;LUBUSKIE;"Gorzów Wielkopolski";"Gorzów Wielkopolski - gmina miejska";"081106422 ";" ";niepubliczna;"Dzieci lub młodzież";"brak specyfiki";"Piotr Zwierzchlewski";"STOWARZYSZENIE EDUKACYJNE ""RAZEM""";Stowarzyszenia;LUBUSKIE;"Gorzów Wielkopolski";"Gorzów Wielkopolski";2012-08-14;;samodzielna;;;
57369;Przedszkole;"PRZEDSZKOLE MIEJSKIE NR 20 IM. PRZYJACIÓŁ PRZYRODY W GORZOWIE WLKP.";"ul. Franciszka Walczaka";"47 ";" ";"66-400 ";"Gorzów Wielkopolski";23519;0935140;0861011;"957323770 ";" ";p20@edu.gorzow.pl;http://;LUBUSKIE;"Gorzów Wielkopolski";"Gorzów Wielkopolski - gmina miejska";"080485110 ";"5993136769 ";publiczna;"Dzieci lub młodzież";"brak specyfiki";"Maria Wieczorek";"MIASTO GORZÓW WIELKOPOLSKI";"Miasto na prawach powiatu";LUBUSKIE;"Gorzów Wielkopolski";"Gorzów Wielkopolski";2010-05-26;;samodzielna;;;
71142;"Szkoła podstawowa";"SZKOŁA PODSTAWOWA NR 5 IM. BOHATERÓW 12 KOŁOBRZESKIEGO PUŁKU PIECHOTY W GORZOWIE WLKP.";"al. Aleja Konstytucji 3 Maja";"44 ";" ";"66-400 ";"Gorzów Wielkopolski";41128;0935140;0861011;"957226589 ";" ";sp5@edu.gorzow.pl;http://;LUBUSKIE;"Gorzów Wielkopolski";"Gorzów Wielkopolski - gmina miejska";"210202882 ";"5991234657 ";publiczna;"Dzieci lub młodzież";"brak specyfiki";"Małgorzata Dolata";"MIASTO GORZÓW WIELKOPOLSKI";"Miasto na prawach powiatu";LUBUSKIE;"Gorzów Wielkopolski";"Gorzów Wielkopolski";1994-01-01;;samodzielna;;;
71656;"Młodzieżowy dom kultury";"MŁODZIEŻOWY DOM KULTURY W GORZOWIE WLKP.";"ul. Teatralna";"8 ";" ";"66-400 ";"Gorzów Wielkopolski";22723;0935140;0861011;"957228575 ";" ";mdk@edu.gorzow.pl;http://;LUBUSKIE;"Gorzów Wielkopolski";"Gorzów Wielkopolski - gmina miejska";"210203083 ";"5991113770 ";publiczna;"Bez kategorii";"brak specyfiki";"Krzysztof Szupiluk";"MIASTO GORZÓW WIELKOPOLSKI";"Miasto na prawach powiatu";LUBUSKIE;"Gorzów Wielkopolski";"Gorzów Wielkopolski";1994-01-01;;samodzielna;;;
114107;"Liceum ogólnokształcące";"KATOLICKIE LICEUM ŚW. TOMASZA Z AKWINU";"ul. Michała Drzymały";"36 ";" ";"66-400 ";"Gorzów Wielkopolski";04317;0935140;0861011;"957225091 ";" ";katolik@swtomasz.edu.pl;http://www.swtomasz.edu.pl;LUBUSKIE;"Gorzów Wielkopolski";"Gorzów Wielkopolski - gmina miejska";"081128978 ";" ";niepubliczna;"Dzieci lub młodzież";"brak specyfiki";"Marek Robak";"TOWARZYSTWO SZKOŁY KATOLICKIEJ";Stowarzyszenia;LUBUSKIE;"Gorzów Wielkopolski";"Gorzów Wielkopolski";1991-09-01;;samodzielna;;;
107489;"Szkoła policealna";"SZKOŁA POLICEALNA COSINUS W GORZOWIE WIELKOPOLSKIM";"ul. Franciszka Walczaka";"25 ";" ";"66-400 ";"Gorzów Wielkopolski";23519;0935140;0861011;"957258544 ";" ";gorzow@cosinus.pl;http://www.cosinus.pl;LUBUSKIE;"Gorzów Wielkopolski";"Gorzów Wielkopolski - gmina miejska";"081108562 ";" ";niepubliczna;"Bez kategorii";"brak specyfiki";"ELŻBIETA POŁOMKA";"FUNDACJA RIDETON";Fundacje;ŁÓDZKIE;Łódź;Łódź-Śródmieście;2006-02-03;;samodzielna;;;
57368;Przedszkole;"PRZEDSZKOLE MIEJSKIE NR 2 W GORZOWIE WLKP.";"ul. Michała Drzymały";"26a ";" ";"66-400 ";"Gorzów Wielkopolski";04317;0935140;0861011;"957353800 ";" ";p2@edu.gorzow.pl;http://;LUBUSKIE;"Gorzów Wielkopolski";"Gorzów Wielkopolski - gmina miejska";"080483223 ";"5993137013 ";publiczna;"Dzieci lub młodzież";"brak specyfiki";"STANISŁAWA ZINIAK";"MIASTO GORZÓW WIELKOPOLSKI";"Miasto na prawach powiatu";LUBUSKIE;"Gorzów Wielkopolski";"Gorzów Wielkopolski";2010-05-26;;samodzielna;;;
125990;"Szkoła policealna";"STUDIUM MEDYCZNE TEB EDUKACJA";"ul. gen. Władysława Sikorskiego";"48 ";" ";"66-400 ";"Gorzów Wielkopolski";19907;0935140;0861011;"957201737 ";" ";gorzow@teb-edukacja.pl;http://www.teb.pl;LUBUSKIE;"Gorzów Wielkopolski";"Gorzów Wielkopolski - gmina miejska";"360148198 ";" ";niepubliczna;"Bez kategorii";"brak specyfiki";"KATARZYNA GUTRY";"TEB EDUKACJA SPÓŁKA Z OGRANICZONĄ ODPOWIEDZIALNOŚCIĄ";"Spółki Handlowe";WIELKOPOLSKIE;Poznań;"Poznań-Stare Miasto";2011-06-27;;samodzielna;;;
53995;Przedszkole;"PRZEDSZKOLE MIEJSKIE NR 12 IM. POD TOPOLĄ W GORZOWIE WLKP.";"ul. Sportowa";"2 ";" ";"66-400 ";"Gorzów Wielkopolski";20683;0935140;0861011;"957224193 ";" ";p12@edu.gorzow.pl;http://;LUBUSKIE;"Gorzów Wielkopolski";"Gorzów Wielkopolski - gmina miejska";"080485156 ";"5993137378 ";publiczna;"Dzieci lub młodzież";"brak specyfiki";"ANNA ŚLĄZAK";"MIASTO GORZÓW WIELKOPOLSKI";"Miasto na prawach powiatu";LUBUSKIE;"Gorzów Wielkopolski";"Gorzów Wielkopolski";2010-05-26;;samodzielna;;;
55072;Przedszkole;"PRZEDSZKOLE MIEJSKIE NR 15 IM. BAŚNIOWY DOM W GORZOWIE WLKP.";"ul. Bohaterów Warszawy";"5 ";" ";"66-400 ";"Gorzów Wielkopolski";01679;0935140;0861011;"957385993 ";" ";p15@edu.gorzow.pl;http://;LUBUSKIE;"Gorzów Wielkopolski";"Gorzów Wielkopolski - gmina miejska";"080478736 ";"5993136835 ";publiczna;"Dzieci lub młodzież";"brak specyfiki";"DOROTA ZAŁUCKA";"MIASTO GORZÓW WIELKOPOLSKI";"Miasto na prawach powiatu";LUBUSKIE;"Gorzów Wielkopolski";"Gorzów Wielkopolski";2010-05-26;;samodzielna;;;
107480;"Liceum ogólnokształcące";"ZAOCZNE LICEUM OGÓLNOKSZTAŁCĄCE COSINUS W GORZOWIE WLKP.";"ul. Franciszka Walczaka";"25 ";" ";"66-400 ";"Gorzów Wielkopolski";23519;0935140;0861011;"957258544 ";" ";gorzow@cosinus.pl;http://www.cosinus.pl;LUBUSKIE;"Gorzów Wielkopolski";"Gorzów Wielkopolski - gmina miejska";"081108533 ";" ";niepubliczna;Dorośli;"brak specyfiki";"ELŻBIETA POŁOMKA";"FUNDACJA RIDETON";Fundacje;ŁÓDZKIE;Łódź;Łódź-Śródmieście;2006-02-03;;samodzielna;;;
61814;Przedszkole;"PRZEDSZKOLE MIEJSKIE NR 30 W GORZOWIE WLKP.";"ul. Stanisława Taczaka";"1a ";" ";"66-400 ";"Gorzów Wielkopolski";22597;0935140;0861011;"957214209 ";" ";p30@edu.gorzow.pl;http://;LUBUSKIE;"Gorzów Wielkopolski";"Gorzów Wielkopolski - gmina miejska";"080485104 ";"5993136798 ";publiczna;"Dzieci lub młodzież";"brak specyfiki";"Brygida Jankiewicz";"MIASTO GORZÓW WIELKOPOLSKI";"Miasto na prawach powiatu";LUBUSKIE;"Gorzów Wielkopolski";"Gorzów Wielkopolski";2010-05-26;;samodzielna;;;
125980;"Szkoła policealna";"SZKOŁA EUROPEJSKA ""EUROCOLLEGE";"ul. gen. Władysława Sikorskiego";"48 ";" ";"66-400 ";"Gorzów Wielkopolski";19907;0935140;0861011;"957214023 ";" ";gorzow@teb-edukacja.pl;http://www.teb.pl;LUBUSKIE;"Gorzów Wielkopolski";"Gorzów Wielkopolski - gmina miejska";"360149890 ";" ";niepubliczna;"Bez kategorii";"brak specyfiki";"KATARZYNA GUTRY";"TEB EDUKACJA SPÓŁKA Z OGRANICZONĄ ODPOWIEDZIALNOŚCIĄ";"Spółki Handlowe";WIELKOPOLSKIE;Poznań;"Poznań-Stare Miasto";1998-04-07;;samodzielna;;;
71571;"Zespół szkół i placówek oświatowych";"SZKOŁA MUZYCZNA I I II STOPNIA IM. TADEUSZA SZELIGOWSKIEGO W GORZOWIE WLKP.";"ul. Bolesława Chrobrego";"3 ";" ";"66-400 ";"Gorzów Wielkopolski";01742;0935140;0861011;"957227537 ";" ";sm1@edu.gorzow.pl;http://;LUBUSKIE;"Gorzów Wielkopolski";"Gorzów Wielkopolski - gmina miejska";"000280784 ";"5991024859 ";publiczna;"Bez kategorii";"brak specyfiki";"ANETTA RAJEWSKA";"MINISTERSTWO KULTURY I DZIEDZICTWA NARODOWEGO";"Minister ds. kultury i dziedzictwa narodowego";MAZOWIECKIE;Warszawa;Śródmieście;1975-01-01;;zespół;;;
262598;"Szkoła podstawowa";"SZKOŁA PODSTAWOWA NR 7  W GORZOWIE WLKP.";"ul. Ewarysta Estkowskiego";"3 ";" ";"66-400 ";"Gorzów Wielkopolski";04832;0935140;0861011;"957226454 ";" ";zso3@edu.gorzow.pl;http://;LUBUSKIE;"Gorzów Wielkopolski";"Gorzów Wielkopolski - gmina miejska";"368039540 ";"5993207759 ";publiczna;"Dzieci lub młodzież";"brak specyfiki";;"MIASTO GORZÓW WIELKOPOLSKI";"Miasto na prawach powiatu";LUBUSKIE;"Gorzów Wielkopolski";"Gorzów Wielkopolski";2017-08-21;;"szkoła/placówka w zespole";"Zespół szkół i placówek oświatowych";12252;"ZESPÓŁ SZKÓŁ OGÓLNOKSZTAŁCĄCYCH NR 3 W GORZOWIE WLKP."
53994;Przedszkole;"PRZEDSZKOLE MIEJSKIE NR 11 IM. MARII KOWNACKIEJ W GORZOWIE WLKP.";"ul. Jacka Malczewskiego";"2 ";" ";"66-400 ";"Gorzów Wielkopolski";12037;0935140;0861011;"957213088 ";" ";p11@edu.gorzow.pl;http://;LUBUSKIE;"Gorzów Wielkopolski";"Gorzów Wielkopolski - gmina miejska";"080481750 ";"5993136806 ";publiczna;"Dzieci lub młodzież";"brak specyfiki";"Ewa LEWICKA-SUCHECKA";"MIASTO GORZÓW WIELKOPOLSKI";"Miasto na prawach powiatu";LUBUSKIE;"Gorzów Wielkopolski";"Gorzów Wielkopolski";2010-05-26;;samodzielna;;;
130545;"Poradnia psychologiczno-pedagogiczna";"NIEPUBLICZNA PORADNIA PSYCHOLOGICZNO - PEDAGOGICZNA MENTIS W GORZOWIE WLKP.";"ul. Saska";"8 ";" ";"66-400 ";"Gorzów Wielkopolski";19551;0935140;0861011;"600422299 ";" ";mentis66400@gmail.com;http://;LUBUSKIE;"Gorzów Wielkopolski";"Gorzów Wielkopolski - gmina miejska";"364163540 ";"5991488501 ";niepubliczna;"Bez kategorii";"brak specyfiki";"Urszula Onichowska";"URSZULA ONICHOWSKA";"Osoba fizyczna";LUBUSKIE;gorzowski;Witnica;2015-11-27;;samodzielna;;;
132524;"Niepubliczna placówka kształcenia ustawicznego i praktycznego";"NIEPUBLICZNA PLACÓWKA KSZTAŁCENIA USTAWICZNEGO P.W. ""JOANNA"" ANDRZEJ SKAWIŃSKI";"ul. Podmiejska";"17 B ";" ";"66-400 ";"Gorzów Wielkopolski";16816;0935140;0861011;"957362678 ";" ";aa.skawinski@gmail.com;http://;LUBUSKIE;"Gorzów Wielkopolski";"Gorzów Wielkopolski - gmina miejska";"365721372 ";" ";niepubliczna;"Bez kategorii";"brak specyfiki";"Hubert Kwintal";"ANDRZEJ SKAWIŃSKI";"Osoba fizyczna";LUBUSKIE;"Gorzów Wielkopolski";"Gorzów Wielkopolski";2016-10-24;;samodzielna;;;
266923;"Placówka Kształcenia Ustawicznego - bez szkół";"SEKA SPÓŁKA AKCYJNA W WARSZAWIE ODDZIAŁ W GORZOWIE WLKP.";"ul. Kosynierów Gdyńskich";"82 ";" ";"66-400 ";"Gorzów Wielkopolski";09503;0935140;0861011;"957374620 ";" ";gorzow@seka.pl;http://www.seka.pl;LUBUSKIE;"Gorzów Wielkopolski";"Gorzów Wielkopolski - gmina miejska";"369744513 ";" ";niepubliczna;"Bez kategorii";"brak specyfiki";"SŁAWOMIR KLUSEK";"""SEKA"" S. A.";"Spółki Handlowe";MAZOWIECKIE;Warszawa;Praga-Południe;2011-10-27;;samodzielna;;;
49087;"Liceum ogólnokształcące";"IV LICEUM OGÓLNOKSZTAŁCĄCE IM. TADEUSZA KOTARBIŃSKIEGO W GORZOWIE WLKP.";"ul. Kosynierów Gdyńskich";"8 ";" ";"66-400 ";"Gorzów Wielkopolski";09503;0935140;0861011;"957203060 ";" ";lo4.gorzow@wp.pl;http://www.4lo.gorzow.pl;LUBUSKIE;"Gorzów Wielkopolski";"Gorzów Wielkopolski - gmina miejska";"210203367 ";"5991101732 ";publiczna;"Dzieci lub młodzież";"brak specyfiki";"Hanna Mickiewicz-Kędziora";"MIASTO GORZÓW WIELKOPOLSKI";"Miasto na prawach powiatu";LUBUSKIE;"Gorzów Wielkopolski";"Gorzów Wielkopolski";1994-01-01;;samodzielna;;;
83257;"Szkoła muzyczna I stopnia";"SZKOŁA MUZYCZNA I STOPNIA";"ul. Bolesława Chrobrego";"3 ";" ";"66-400 ";"Gorzów Wielkopolski";01742;0935140;0861011;"957227537 ";" ";sm1@edu.gorzow.pl;http://;LUBUSKIE;"Gorzów Wielkopolski";"Gorzów Wielkopolski - gmina miejska";"081087481 ";" ";publiczna;"Bez kategorii";"brak specyfiki";;"MINISTERSTWO KULTURY I DZIEDZICTWA NARODOWEGO";"Minister ds. kultury i dziedzictwa narodowego";MAZOWIECKIE;Warszawa;Śródmieście;1975-01-01;;"szkoła/placówka w zespole";"Zespół szkół i placówek oświatowych";71571;"SZKOŁA MUZYCZNA I I II STOPNIA IM. TADEUSZA SZELIGOWSKIEGO W GORZOWIE WLKP."
68543;"Szkoła podstawowa";"SZKOŁA PODSTAWOWA NR 12 IM. KORNELA MAKUSZYŃSKIEGO W GORZOWIE WLKP.";"ul. Dobra";"16 ";" ";"66-400 ";"Gorzów Wielkopolski";03928;0935140;0861011;"957226693 ";" ";sp12@edu.gorzow.pl;http://;LUBUSKIE;"Gorzów Wielkopolski";"Gorzów Wielkopolski - gmina miejska";"210202965 ";"5991101264 ";publiczna;"Dzieci lub młodzież";"brak specyfiki";"DANUTA ŁUKASIEWICZ";"MIASTO GORZÓW WIELKOPOLSKI";"Miasto na prawach powiatu";LUBUSKIE;"Gorzów Wielkopolski";"Gorzów Wielkopolski";1994-01-01;;samodzielna;;;
110476;"Poradnia psychologiczno-pedagogiczna";"PORADNIA DIAGNOSTYCZNO-TERAPEUTYCZNA WIOLETTA MAŚLUK-GĄSIOROWSKA";"rondo marsz. Józefa Piłsudskiego";"47 ";" ";"66-400 ";"Gorzów Wielkopolski";30062;0935140;0861011;"600896893 ";" ";;http://;LUBUSKIE;"Gorzów Wielkopolski";"Gorzów Wielkopolski - gmina miejska";"081116969 ";" ";niepubliczna;"Bez kategorii";"brak specyfiki";"Wioletta Maśluk-Gąsiorowska";"Wioletta Maśluk - Gąsiorowska";"Osoba fizyczna";LUBUSKIE;"Gorzów Wielkopolski";"Gorzów Wielkopolski";2012-07-05;;samodzielna;;;
53985;Przedszkole;"PRZEDSZKOLE MIEJSKIE NR 10 IM. JASIA I MAŁGOSI W GORZOWIE WLKP.";"ul. Joachima Lelewela";"1 ";" ";"66-400 ";"Gorzów Wielkopolski";10793;0935140;0861011;"957213279 ";" ";p10@edu.gorzow.pl;http://;LUBUSKIE;"Gorzów Wielkopolski";"Gorzów Wielkopolski - gmina miejska";"080488769 ";"5993137869 ";publiczna;"Dzieci lub młodzież";"brak specyfiki";"MARTA GÓRNA";"MIASTO GORZÓW WIELKOPOLSKI";"Miasto na prawach powiatu";LUBUSKIE;"Gorzów Wielkopolski";"Gorzów Wielkopolski";2010-05-26;;samodzielna;;;
12314;"Zespół szkół i placówek oświatowych";"ZESPÓŁ SZKÓŁ TECHNICZNYCH I OGÓLNOKSZTAŁCĄCYCH W GORZOWIE WLKP.";"ul. Czereśniowa";"4e ";" ";"66-400 ";"Gorzów Wielkopolski";03376;0935140;0861011;"957320309 ";"957320182 ";zstio@edu.gorzow.pl;http://www.zstio-gorzow.pl;LUBUSKIE;"Gorzów Wielkopolski";"Gorzów Wielkopolski - gmina miejska";"210203143 ";"5991174553 ";publiczna;"Bez kategorii";"brak specyfiki";"Marlena Młynarczyk";"MIASTO GORZÓW WIELKOPOLSKI";"Miasto na prawach powiatu";LUBUSKIE;"Gorzów Wielkopolski";"Gorzów Wielkopolski";1994-01-01;;zespół;;;
122972;"Szkoła podstawowa";"PIERWSZA SZKOŁA PODSTAWOWA MONTESSORII W GORZOWIE WLKP.";"ul. Słowiańska";"1 ";" ";"66-400 ";"Gorzów Wielkopolski";20294;0935140;0861011;"733100133 ";" ";szkola@montessorigorzow.pl;http://www.montessorigorzow.pl;LUBUSKIE;"Gorzów Wielkopolski";"Gorzów Wielkopolski - gmina miejska";"081207896 ";" ";niepubliczna;"Dzieci lub młodzież";"brak specyfiki";"Piotr Zwierzchlewski";"STOWARZYSZENIE EDUKACYJNE ""RAZEM""";Stowarzyszenia;LUBUSKIE;"Gorzów Wielkopolski";"Gorzów Wielkopolski";2014-02-17;;samodzielna;;;
133300;"Liceum ogólnokształcące";"AKADEMICKIE LICEUM MISTRZOSTWA SPORTOWEGO W GORZOWIE WIELKOPOLSKIM";"ul. Fryderyka Chopina";"52 ";" ";"66-400 ";"Gorzów Wielkopolski";02849;0935140;0861011;"957216007 ";"957216007 ";sekretariat.alms@ajp.edu.pl;http://www.alms.ajp.edu.pl;LUBUSKIE;"Gorzów Wielkopolski";"Gorzów Wielkopolski - gmina miejska";"366972834 ";" ";niepubliczna;"Dzieci lub młodzież";"brak specyfiki";"Renata Janicka - Szyszko";"AKADEMIA IM. JAKUBA Z PARADYŻA";"Szkoły Wyższe Publiczne";LUBUSKIE;"Gorzów Wielkopolski";"Gorzów Wielkopolski";2016-12-27;;samodzielna;;;
263796;"Szkoła policealna";"POLICEALNA SZKOŁA DLA DOROSŁYCH COSINUS PLUS W GORZOWIE WIELKOPOLSKIM";"ul. Franciszka Walczaka";"25 ";" ";"66-400 ";"Gorzów Wielkopolski";23519;0935140;0861011;"957258544 ";" ";gorzow@cosinus.pl;http://www.cosinus.pl;LUBUSKIE;"Gorzów Wielkopolski";"Gorzów Wielkopolski - gmina miejska";"368224987 ";" ";niepubliczna;"Bez kategorii";"brak specyfiki";"ELŻBIETA POŁOMKA";"FUNDACJA RIDETON";Fundacje;ŁÓDZKIE;Łódź;Łódź-Śródmieście;2015-10-07;;samodzielna;;;
125968;"Szkoła policealna";"AKADEMIA MSP OCHRONY ZDROWIA I URODY SZKOŁA POLICEALNA";"ul. Targowa";"9 ";" ";"66-400 ";"Gorzów Wielkopolski";22659;0935140;0861011;" ";" ";dyrektor@akademiamsp.eu;http://www.akademiamsp.eu;LUBUSKIE;"Gorzów Wielkopolski";"Gorzów Wielkopolski - gmina miejska";"360139740 ";" ";niepubliczna;"Bez kategorii";"brak specyfiki";"DARIUSZ PILCH";"MONIKA SEKITA - PILCH";"Osoba fizyczna";LUBUSKIE;"Gorzów Wielkopolski";"Gorzów Wielkopolski";2007-09-17;;samodzielna;;;
12237;"Zespół szkół i placówek oświatowych";"ZESPÓŁ SZKÓŁ OGÓLNOKSZTAŁCĄCYCH NR 1 W GORZOWIE WLKP.";"ul. Aleksandra Puszkina";"31 ";" ";"66-400 ";"Gorzów Wielkopolski";18209;0935140;0861011;"957204842 ";" ";1lo@edu.gorzow.pl;http://;LUBUSKIE;"Gorzów Wielkopolski";"Gorzów Wielkopolski - gmina miejska";"210203150 ";"5991101844 ";publiczna;"Bez kategorii";"brak specyfiki";"MARIUSZ BINIEWSKI";"MIASTO GORZÓW WIELKOPOLSKI";"Miasto na prawach powiatu";LUBUSKIE;"Gorzów Wielkopolski";"Gorzów Wielkopolski";1994-01-01;;zespół;;;
12260;"Zespół szkół i placówek oświatowych";"ZESPÓŁ SZKÓŁ BUDOWLANYCH I SAMOCHODOWYCH IM. MIKOŁAJA KOPERNIKA W GORZOWIE WLKP.";"ul. Stefana Okrzei";"42 ";" ";"66-400 ";"Gorzów Wielkopolski";14914;0935140;0861011;"957201733 ";"957201734 ";zsb@edu.gorzow.pl;http://zsb.edu.gorzow.pl;LUBUSKIE;"Gorzów Wielkopolski";"Gorzów Wielkopolski - gmina miejska";"210203210 ";"5991113712 ";publiczna;"Bez kategorii";"brak specyfiki";"Tadeusz Najdora";"MIASTO GORZÓW WIELKOPOLSKI";"Miasto na prawach powiatu";LUBUSKIE;"Gorzów Wielkopolski";"Gorzów Wielkopolski";1994-01-01;;zespół;;;
115414;Bursa;"BURSA SIÓSTR MARYI  NIEPOKALANEJ DLA DZIEWCZĄT";"ul. Koniawska";"51 ";" ";"66-400 ";"Gorzów Wielkopolski";09142;0935140;0861011;"957239677 ";" ";bursa@bursasmi.gorzow.pl;http://www.bursasmi.gorzow.pl;LUBUSKIE;"Gorzów Wielkopolski";"Gorzów Wielkopolski - gmina miejska";"081146060 ";" ";niepubliczna;"Bez kategorii";"brak specyfiki";"DANUTA MĘDRALA";"ZGROMADZENIE SIÓSTR MARYI NIEPOKALANEJ PROWINCJA POLSKA";"Organizacje Wyznaniowe";DOLNOŚLĄSKIE;Wrocław;Wrocław-Śródmieście;1992-11-18;;samodzielna;;;
68541;"Szkoła podstawowa";"SZKOŁA PODSTAWOWA NR 15 IM. WOJSKA POLSKIEGO W GORZOWIE WLKP.";"ul. Aleksandra Kotsisa";"1 ";" ";"66-400 ";"Gorzów Wielkopolski";09634;0935140;0861011;"957228729 ";" ";sp15@edu.gorzow.pl;http://;LUBUSKIE;"Gorzów Wielkopolski";"Gorzów Wielkopolski - gmina miejska";"210202988 ";"5991101755 ";publiczna;"Dzieci lub młodzież";"brak specyfiki";"Maria Traczyk";"MIASTO GORZÓW WIELKOPOLSKI";"Miasto na prawach powiatu";LUBUSKIE;"Gorzów Wielkopolski";"Gorzów Wielkopolski";1994-01-01;;samodzielna;;;
126235;Przedszkole;"PRZEDSZKOLE NIEPUBLICZNE ""AKADEMIA SMYKA""";"ul. Sybiraków";"27 ";" ";"66-400 ";"Gorzów Wielkopolski";21641;0935140;0861011;"500068769 ";" ";akademia_smyka@wp.pl;http://www.akademia-smyka.cba.pl;LUBUSKIE;"Gorzów Wielkopolski";"Gorzów Wielkopolski - gmina miejska";"360199988 ";" ";niepubliczna;"Dzieci lub młodzież";"brak specyfiki";"Renata Szostak";"Renata Szostak";"Osoba fizyczna";LUBUSKIE;gorzowski;Santok;2013-09-23;;samodzielna;;;
89442;Przedszkole;"PRZEDSZKOLE NIEPUBLICZNE ""CHATKA KUBUSIA PUCHATKA""";"ul. Saska";"8 ";" ";"66-400 ";"Gorzów Wielkopolski";19551;0935140;0861011;"957352671 ";" ";jacekkur4@wp.pl;http://chatkakubusiapuchatka.edu.pl;LUBUSKIE;"Gorzów Wielkopolski";"Gorzów Wielkopolski - gmina miejska";"081089882 ";" ";niepubliczna;"Dzieci lub młodzież";"brak specyfiki";"Jacek Kurowski";"JACEK KUROWSKI";"Osoba fizyczna";LUBUSKIE;"Gorzów Wielkopolski";"Gorzów Wielkopolski";1999-08-02;;samodzielna;;;
126174;"Szkoła policealna";"EDUATUT POLICEALNA SZKOŁA ZAWODOWA W GORZOWIE WIELKOPOPSKIM";"ul. Fryderyka Chopina";"52 ";" ";"66-400 ";"Gorzów Wielkopolski";02849;0935140;0861011;"531522861 ";" ";w.dlugosz-bujak@eduatut.pl;http://www.eduvision.pl;LUBUSKIE;"Gorzów Wielkopolski";"Gorzów Wielkopolski - gmina miejska";"360166115 ";" ";niepubliczna;"Bez kategorii";"brak specyfiki";"P.O. WANDA DŁUGOSZ BUJAK";"GELINO GW SP. Z O.O.";"Spółki Handlowe";ŁÓDZKIE;Łódź;Łódź-Śródmieście;2009-08-25;;samodzielna;;;
68540;"Szkoła podstawowa";"SZKOŁA PODSTAWOWA NR 1 IM. MARII KONOPNICKIEJ W GORZOWIE WLKP.";"ul. gen. Jarosława Dąbrowskiego";"23 ";" ";"66-400 ";"Gorzów Wielkopolski";03676;0935140;0861011;"957226423 ";" ";sp1@edu.gorzow.pl;http://;LUBUSKIE;"Gorzów Wielkopolski";"Gorzów Wielkopolski - gmina miejska";"210202847 ";"5991376179 ";publiczna;"Dzieci lub młodzież";"brak specyfiki";"IWONA BUCHMIET";"MIASTO GORZÓW WIELKOPOLSKI";"Miasto na prawach powiatu";LUBUSKIE;"Gorzów Wielkopolski";"Gorzów Wielkopolski";1994-01-01;;samodzielna;;;
68544;"Szkoła podstawowa";"SZKOŁA PODSTAWOWA NR 4 IM. HENRYKA SIENKIEWICZA W GORZOWIE WLKP.";"ul. Kobylogórska";"110 ";" ";"66-400 ";"Gorzów Wielkopolski";08707;0935140;0861011;"957239621 ";" ";sp4@edu.gorzow.pl;http://;LUBUSKIE;"Gorzów Wielkopolski";"Gorzów Wielkopolski - gmina miejska";"211192565 ";"5992725570 ";publiczna;"Dzieci lub młodzież";"brak specyfiki";"Piotr Talaska";"MIASTO GORZÓW WIELKOPOLSKI";"Miasto na prawach powiatu";LUBUSKIE;"Gorzów Wielkopolski";"Gorzów Wielkopolski";2001-06-27;;samodzielna;;;
61833;Przedszkole;"MIEJSKIE PRZEDSZKOLE INTEGRACYJNE NR 9 IM. NA ZIELONYM WZGÓRZU W GORZOWIE WLKP.";"ul. Widok";"25 ";" ";"66-400 ";"Gorzów Wielkopolski";24011;0935140;0861011;"957321880 ";" ";p9@edu.gorzow.pl;http://;LUBUSKIE;"Gorzów Wielkopolski";"Gorzów Wielkopolski - gmina miejska";"080485653 ";"5993137154 ";publiczna;"Dzieci lub młodzież";"brak specyfiki";"MAŁGORZATA SZCZUCIŃSKA";"MIASTO GORZÓW WIELKOPOLSKI";"Miasto na prawach powiatu";LUBUSKIE;"Gorzów Wielkopolski";"Gorzów Wielkopolski";2010-05-26;;samodzielna;;;
108936;"Szkoła policealna";"EDUATUT POLICEALNA SZKOŁA MEDYCZNA W GORZOWIE WIELKOPOLSKIM";"ul. Fryderyka Chopina";"52 ";" ";"66-400 ";"Gorzów Wielkopolski";02849;0935140;0861011;"531552861 ";"531552861 ";w.dlugosz-bujak@eduatut.pl;http://www.eduatut.pl;LUBUSKIE;"Gorzów Wielkopolski";"Gorzów Wielkopolski - gmina miejska";"081109515 ";" ";niepubliczna;"Bez kategorii";"brak specyfiki";"WANDA DŁUGOSZ - BUJAK";"GELINO GW SP. Z O.O.";"Spółki Handlowe";ŁÓDZKIE;Łódź;Łódź-Śródmieście;2012-09-30;;samodzielna;;;
13914;"Zespół szkół i placówek oświatowych";"ZESPÓŁ SZKÓŁ SPECJALNYCH NR 14 W GORZOWIE WLKP.";"ul. Ignacego Mościckiego";"3 ";" ";"66-400 ";"Gorzów Wielkopolski";13390;0935140;0861011;"957835281 ";" ";zss14@edu.gorzow.pl;http://;LUBUSKIE;"Gorzów Wielkopolski";"Gorzów Wielkopolski - gmina miejska";"210203456 ";"5991132572 ";publiczna;"Bez kategorii";"brak specyfiki";"Emil Błaszkowski";"MIASTO GORZÓW WIELKOPOLSKI";"Miasto na prawach powiatu";LUBUSKIE;"Gorzów Wielkopolski";"Gorzów Wielkopolski";1994-01-01;;zespół;;;
83221;Technikum;"TECHNIKUM NR 8 W GORZOWIE WLKP.";"ul. Śląska";"20 ";" ";"66-400 ";"Gorzów Wielkopolski";22308;0935140;0861011;"957228539 ";" ";zs12@edu.gorzow.pl;http://;LUBUSKIE;"Gorzów Wielkopolski";"Gorzów Wielkopolski - gmina miejska";"211242381 ";"5991101838 ";publiczna;"Dzieci lub młodzież";"brak specyfiki";"ALICJA BORKOWSKA";"MIASTO GORZÓW WIELKOPOLSKI";"Miasto na prawach powiatu";LUBUSKIE;"Gorzów Wielkopolski";"Gorzów Wielkopolski";2002-01-23;;samodzielna;;;
125887;"Liceum ogólnokształcące";"LICEUM OGÓLNOKSZTAŁCĄCE DLA DOROSŁYCH ""ŻAK""";"ul. Fryderyka Chopina";"52 ";" ";"66-400 ";"Gorzów Wielkopolski";02849;0935140;0861011;"957352653 ";"957352654 ";gorzow@zak.edu.pl;http://;LUBUSKIE;"Gorzów Wielkopolski";"Gorzów Wielkopolski - gmina miejska";"360089018 ";" ";niepubliczna;Dorośli;"brak specyfiki";"P.O. GRAŻYNA WINKSZNO";"CENTRUM NAUKI I BIZNESU ""ŻAK"" SPÓŁKA Z OGRANICZONĄ ODPOWIEDZIALNOŚCIĄ";"Spółki Handlowe";ŁÓDZKIE;Łódź;Łódź-Górna;2010-08-26;;samodzielna;;;
107028;"Niepubliczna placówka kształcenia ustawicznego i praktycznego";"STOWARZYSZENIE KSIĘGOWYCH W POLSCE NIEPUBLICZNA PLACÓWKA KSZTAŁCENIA USTAWICZNEGO ODDZIAŁU OKRĘGOWEGO W GORZOWIE WLKP.";"ul. gen. Władysława Sikorskiego";"81 ";" ";"66-400 ";"Gorzów Wielkopolski";19907;0935140;0861011;"957225391 ";" ";biuro@gorzow.skwp.pl;http://;LUBUSKIE;"Gorzów Wielkopolski";"Gorzów Wielkopolski - gmina miejska";"081106221 ";" ";niepubliczna;"Bez kategorii";"brak specyfiki";"Krystyna Gładysz";"STOWARZYSZENIE KSIĘGOWYCH W POLSCE";Stowarzyszenia;MAZOWIECKIE;Warszawa;Śródmieście;1993-03-15;;samodzielna;;;
133303;"Niepubliczna placówka oświatowo-wychowawcza w systemie oświaty";"PRYWATNA SZKOŁA MUZYCZNA ZBIORCZYK";"ul. Górczyńska";"23 ";" ";"66-400 ";"Gorzów Wielkopolski";05927;0935140;0861011;"502637362 ";" ";muzycznazbiorczyk@o2.pl;http://;LUBUSKIE;"Gorzów Wielkopolski";"Gorzów Wielkopolski - gmina miejska";"366980816 ";"5991022441 ";niepubliczna;"Bez kategorii";"brak specyfiki";"Mieczysław Zbiorczyk";"MIECZYSŁAW ZBIORCZYKA";"Osoba fizyczna";LUBUSKIE;"Gorzów Wielkopolski";"Gorzów Wielkopolski";2017-02-13;;samodzielna;;;
86843;Przedszkole;"PRYWATNE PRZEDSZKOLE ELEMELEK";"ul. Kostrzyńska";"64 ";" ";"66-400 ";"Gorzów Wielkopolski";09495;0935140;0861011;"692447160 ";" ";info@elemelek.net;http://www.elemelek.net;LUBUSKIE;"Gorzów Wielkopolski";"Gorzów Wielkopolski - gmina miejska";"081088718 ";" ";niepubliczna;"Dzieci lub młodzież";"brak specyfiki";"Ewa Śmiechowska";"MARTA SOBIESZEK";"Osoba fizyczna";LUBUSKIE;"Gorzów Wielkopolski";"Gorzów Wielkopolski";2011-02-28;;samodzielna;;;
61832;Przedszkole;"MIEJSKIE PRZEDSZKOLE INTEGRACYJNE NR 27 IM. WESOŁYCH KRASNALI W GORZOWIE WLKP.";"ul. Śląska";"42 ";" ";"66-400 ";"Gorzów Wielkopolski";22308;0935140;0861011;"957369606 ";" ";p27@edu.gorzow.pl;http://;LUBUSKIE;"Gorzów Wielkopolski";"Gorzów Wielkopolski - gmina miejska";"080487132 ";"5993138202 ";publiczna;"Dzieci lub młodzież";"brak specyfiki";"Elżbieta Anacka";"MIASTO GORZÓW WIELKOPOLSKI";"Miasto na prawach powiatu";LUBUSKIE;"Gorzów Wielkopolski";"Gorzów Wielkopolski";2010-05-26;;samodzielna;;;
114100;Przedszkole;"PRZEDSZKOLE SPECJALNE DLA DZIECI Z AUTYZMEM";"ul. Małyszyńska";"8 ";" ";"66-400 ";"Gorzów Wielkopolski";12217;0935140;0861011;"957226097 ";" ";autyzm1_gorzow@wp.pl;http://www.autyzm-gorzow.org;LUBUSKIE;"Gorzów Wielkopolski";"Gorzów Wielkopolski - gmina miejska";"081128949 ";"5993100197 ";niepubliczna;"Dzieci lub młodzież";specjalna;"Alicja Pławsiuk";"STOWARZYNIE NA RZECZ OSÓB Z AUTYZMEM";Stowarzyszenia;LUBUSKIE;"Gorzów Wielkopolski";"Gorzów Wielkopolski";2009-08-12;;samodzielna;;;
83240;Technikum;"TECHNIKUM NR 2 W GORZOWIE WLKP.";"ul. 30 Stycznia";"29 ";" ";"66-400 ";"Gorzów Wielkopolski";21465;0935140;0861011;"957223595 ";" ";zsek@edu.gorzow.pl;http://;LUBUSKIE;"Gorzów Wielkopolski";"Gorzów Wielkopolski - gmina miejska";"211260717 ";" ";publiczna;"Dzieci lub młodzież";"brak specyfiki";;"MIASTO GORZÓW WIELKOPOLSKI";"Miasto na prawach powiatu";LUBUSKIE;"Gorzów Wielkopolski";"Gorzów Wielkopolski";1994-01-01;;"szkoła/placówka w zespole";"Zespół szkół i placówek oświatowych";4486;"ZESPÓŁ SZKÓŁ EKONOMICZNYCH IM. STEFANA STARZYŃSKIEGO W GORZOWIE WLKP."
57366;Przedszkole;"PRZEDSZKOLE MIEJSKIE NR 19 IM. JANA BRZECHWY W GORZOWIE WLKP.";"ul. 9 Maja";"7 ";" ";"66-400 ";"Gorzów Wielkopolski";11941;0935140;0861011;"957288680 ";" ";p19@edu.gorzow.pl;http://www.p19.edu.gorzow.pl;LUBUSKIE;"Gorzów Wielkopolski";"Gorzów Wielkopolski - gmina miejska";"080483507 ";"5993136700 ";publiczna;"Dzieci lub młodzież";"brak specyfiki";"EWA GROMACKA";"MIASTO GORZÓW WIELKOPOLSKI";"Miasto na prawach powiatu";LUBUSKIE;"Gorzów Wielkopolski";"Gorzów Wielkopolski";2010-05-26;;samodzielna;;;
80867;"Szkoła podstawowa";"SZKOŁA PODSTAWOWA NR 6 Z ODDZIAŁAMI SPORTOWYMI IM. WŁADYSŁAWA BRONIEWSKIEGO W GORZOWIE WLKP.";"ul. Gwiaździsta";"14 ";" ";"66-400 ";"Gorzów Wielkopolski";06422;0935140;0861011;"957202715 ";" ";sp6@edu.gorzow.pl;http://;LUBUSKIE;"Gorzów Wielkopolski";"Gorzów Wielkopolski - gmina miejska";"211260781 ";"5992564055 ";publiczna;"Dzieci lub młodzież";"brak specyfiki";"BOGUMIŁA HAŁAS";"MIASTO GORZÓW WIELKOPOLSKI";"Miasto na prawach powiatu";LUBUSKIE;"Gorzów Wielkopolski";"Gorzów Wielkopolski";1999-06-08;;samodzielna;;;
131388;"Szkoła podstawowa";"SZKOŁA PODSTAWOWA SOWA W GORZOWIE WLKP.";"ul. Młyńska";"4 ";" ";"66-400 ";"Gorzów Wielkopolski";13132;0935140;0861011;"957226097 ";"957226097 ";spsowa@wp.pl;http://www.autyzm-gorzow.org/;LUBUSKIE;"Gorzów Wielkopolski";"Gorzów Wielkopolski - gmina miejska";"365157428 ";"5993206576 ";niepubliczna;"Dzieci lub młodzież";specjalna;"Magdalena Chmiel";"STOWARZYNIE NA RZECZ OSÓB Z AUTYZMEM";Stowarzyszenia;LUBUSKIE;"Gorzów Wielkopolski";"Gorzów Wielkopolski";2016-08-01;;samodzielna;;;
12306;"Zespół szkół i placówek oświatowych";"ZESPÓŁ SZKÓŁ OGRODNICZYCH W GORZOWIE WLKP.";"ul. Poznańska";"23 ";" ";"66-400 ";"Gorzów Wielkopolski";17394;0935140;0861011;"957239524 ";"957239524 ";zsog@edu.gorzow.pl;http://zsogorzow.pl;LUBUSKIE;"Gorzów Wielkopolski";"Gorzów Wielkopolski - gmina miejska";"000094797 ";"5991101531 ";publiczna;"Bez kategorii";"brak specyfiki";"JOLANTA ZIELIŃSKA";"MIASTO GORZÓW WIELKOPOLSKI";"Miasto na prawach powiatu";LUBUSKIE;"Gorzów Wielkopolski";"Gorzów Wielkopolski";1975-12-15;;zespół;;;
114105;"Ośrodek Rewalidacyjno-Wychowawczy";"OŚRODEK REWALIDACYJNO - EDUKACYJNO - WYCHOWAWCZY DLA DZIECI I MŁODZIEŻY Z AUTYZMEM";"ul. Franciszka Walczaka";"42 ";" ";"66-400 ";"Gorzów Wielkopolski";23519;0935140;0861011;"957226097 ";" ";autyzm1_gorzow@wp.pl;http://www.autyzm-gorzow.org;LUBUSKIE;"Gorzów Wielkopolski";"Gorzów Wielkopolski - gmina miejska";"081128955 ";"5992679203 ";niepubliczna;"Bez kategorii";"brak specyfiki";"Ewa Przybylska";"STOWARZYNIE NA RZECZ OSÓB Z AUTYZMEM";Stowarzyszenia;LUBUSKIE;"Gorzów Wielkopolski";"Gorzów Wielkopolski";1999-06-25;;samodzielna;;;
263744;Technikum;"TECHNIKUM TEB EDUKACJI";"ul. gen. Władysława Sikorskiego";"48 ";" ";"66-400 ";"Gorzów Wielkopolski";19907;0935140;0861011;"957881910 ";" ";gorzow@teb-edukacja.pl;http://www.teb.pl;LUBUSKIE;"Gorzów Wielkopolski";"Gorzów Wielkopolski - gmina miejska";"368221180 ";" ";niepubliczna;"Dzieci lub młodzież";"brak specyfiki";"ANNA MEJER";"TEB EDUKACJA SPÓŁKA Z OGRANICZONĄ ODPOWIEDZIALNOŚCIĄ";"Spółki Handlowe";WIELKOPOLSKIE;Poznań;"Poznań-Stare Miasto";2013-03-18;;samodzielna;;;
71610;"Szkoła muzyczna I stopnia";"SZKOŁA MUZYCZNA I STOPNIA IM. WŁADYSŁAWA JANA CIESIELSKIEGO W GORZOWIE WLKP.";"ul. Teatralna";"8 ";" ";"66-400 ";"Gorzów Wielkopolski";22723;0935140;0861011;"957352489 ";" ";sm2@edu.gorzow.pl;http://sm2.edu.gorzow.pl;LUBUSKIE;"Gorzów Wielkopolski";"Gorzów Wielkopolski - gmina miejska";"211194498 ";"5992725860 ";publiczna;"Bez kategorii";"brak specyfiki";"Izabela Serpina";"MINISTERSTWO KULTURY I DZIEDZICTWA NARODOWEGO";"Minister ds. kultury i dziedzictwa narodowego";MAZOWIECKIE;Warszawa;Śródmieście;2001-08-28;;samodzielna;;;
118536;Przedszkole;"PRZEDSZKOLE NIEPUBLICZNE ""WESOŁA GROMADKA""";"ul. Żwirowa";"93 A ";" ";"66-400 ";"Gorzów Wielkopolski";26611;0935140;0861011;"601775309 ";" ";info.wesolagromadka@gmail.com;http://www.wesolagromadka.pl;LUBUSKIE;"Gorzów Wielkopolski";"Gorzów Wielkopolski - gmina miejska";"081152238 ";" ";niepubliczna;"Dzieci lub młodzież";"brak specyfiki";"Teresa Skowron";"Teresa Skowron";"Osoba fizyczna";LUBUSKIE;"Gorzów Wielkopolski";"Gorzów Wielkopolski";2013-07-23;;samodzielna;;;
83242;Technikum;"TECHNIKUM NR 3 W GORZOWIE WLKP.";"ul. Okólna";"35 ";" ";"66-400 ";"Gorzów Wielkopolski";14890;0935140;0861011;"957225242 ";" ";zsg@edu.gorzow.pl;http://;LUBUSKIE;"Gorzów Wielkopolski";"Gorzów Wielkopolski - gmina miejska";"211261763 ";" ";publiczna;"Dzieci lub młodzież";"brak specyfiki";;"MIASTO GORZÓW WIELKOPOLSKI";"Miasto na prawach powiatu";LUBUSKIE;"Gorzów Wielkopolski";"Gorzów Wielkopolski";1999-01-01;;"szkoła/placówka w zespole";"Zespół szkół i placówek oświatowych";4489;"ZESPÓŁ SZKÓŁ GASTRONOMICZNYCH IM. FEBRONII GAJEWSKIEJ-KARAMAĆ W GORZOWIE WLKP."
80870;"Szkoła podstawowa";"SZKOŁA PODSTAWOWA NR 13 Z ODDZIAŁAMI INTEGRACYJNYMI I ODDZIAŁAMI SPORTOWYMI IM. ARKADEGO FIEDLERA W GORZOWIE WLKP.";"ul. Szwoleżerów";"2 ";" ";"66-400 ";"Gorzów Wielkopolski";22183;0935140;0861011;"957322237 ";" ";sp13@edu.gorzow.pl;http://;LUBUSKIE;"Gorzów Wielkopolski";"Gorzów Wielkopolski - gmina miejska";"211261438 ";"5992546838 ";publiczna;"Dzieci lub młodzież";"brak specyfiki";"JOLANTA SIKORA";"MIASTO GORZÓW WIELKOPOLSKI";"Miasto na prawach powiatu";LUBUSKIE;"Gorzów Wielkopolski";"Gorzów Wielkopolski";1999-01-01;;samodzielna;;;
61831;Przedszkole;"MIEJSKIE PRZEDSZKOLE INTEGRACYJNE NR 14 IM. PRZYJACIÓŁ DZIECI W GORZOWIE WLKP.";"ul. Jana Kasprowicza";"10 ";" ";"66-400 ";"Gorzów Wielkopolski";08153;0935140;0861011;"957226287 ";" ";p14@edu.gorzow.pl;http://;LUBUSKIE;"Gorzów Wielkopolski";"Gorzów Wielkopolski - gmina miejska";"080480816 ";"5993137556 ";publiczna;"Dzieci lub młodzież";"brak specyfiki";"Halina Jeziorska";"MIASTO GORZÓW WIELKOPOLSKI";"Miasto na prawach powiatu";LUBUSKIE;"Gorzów Wielkopolski";"Gorzów Wielkopolski";2010-05-26;;samodzielna;;;
126185;"Niepubliczna placówka kształcenia ustawicznego i praktycznego";"EDUATUT CENTRUM SZKOLENIOWE W GORZOWIE WIELKOPOLSKIM";"ul. Fryderyka Chopina";"52 ";" ";"66-400 ";"Gorzów Wielkopolski";02849;0935140;0861011;"531552861 ";" ";w.dlugosz-bujak@atutszkola.pl;http://www.atutszkola.pl;LUBUSKIE;"Gorzów Wielkopolski";"Gorzów Wielkopolski - gmina miejska";"360166747 ";" ";niepubliczna;"Bez kategorii";"brak specyfiki";"WANDA DŁUGOSZ BUJAK";"GELINO GW SP. Z O.O.";"Spółki Handlowe";ŁÓDZKIE;Łódź;Łódź-Śródmieście;2009-03-17;;samodzielna;;;
262591;"Szkoła podstawowa";"SZKOŁA PODSTAWOWA NR 2 Z ODDZIAŁAMI SPORTOWYMI IM. SZARYCH SZEREGÓW W GORZOWIE WLKP.";"ul. Ludwika Zamenhofa";"2a ";" ";"66-400 ";"Gorzów Wielkopolski";25536;0935140;0861011;"957289295 ";" ";sp2@edu.gorzow.pl;http://www.sp2.edu.gorzow.pl;LUBUSKIE;"Gorzów Wielkopolski";"Gorzów Wielkopolski - gmina miejska";"368039497 ";"5993207742 ";publiczna;"Dzieci lub młodzież";"brak specyfiki";"AGNIESZKA WRONIAK";"MIASTO GORZÓW WIELKOPOLSKI";"Miasto na prawach powiatu";LUBUSKIE;"Gorzów Wielkopolski";"Gorzów Wielkopolski";2017-08-21;;samodzielna;;;
132165;Przedszkole;"NIEPUBLICZNE PRZEDSZKOLE ""NIBYLANDIA""";"ul. Folwarczna";"10 ";" ";"66-400 ";"Gorzów Wielkopolski";05109;0935140;0861011;"691724551 ";" ";biuro@nibylandia.gorzow.pl;http://www.nibylandia.gorzow.pl;LUBUSKIE;"Gorzów Wielkopolski";"Gorzów Wielkopolski - gmina miejska";"365492049 ";"5991220514 ";niepubliczna;"Dzieci lub młodzież";"brak specyfiki";"AGNIESZKA CWOJDZIŃSKA";"AGNIESZKA CWOJDZIŃSKA";"Osoba fizyczna";LUBUSKIE;gorzowski;Deszczno;2016-08-30;;samodzielna;;;
83252;"Liceum ogólnokształcące";"I LICEUM OGÓLNOKSZTAŁCĄCE DLA DOROSŁYCH W GORZOWIE WLKP.";"ul. Aleksandra Puszkina";"31 ";" ";"66-400 ";"Gorzów Wielkopolski";18209;0935140;0861011;"957204842 ";" ";1lo@edu.gorzow.pl;http://;LUBUSKIE;"Gorzów Wielkopolski";"Gorzów Wielkopolski - gmina miejska";"081087535 ";" ";publiczna;Dorośli;"brak specyfiki";;"MIASTO GORZÓW WIELKOPOLSKI";"Miasto na prawach powiatu";LUBUSKIE;"Gorzów Wielkopolski";"Gorzów Wielkopolski";1994-09-01;;"szkoła/placówka w zespole";"Zespół szkół i placówek oświatowych";12237;"ZESPÓŁ SZKÓŁ OGÓLNOKSZTAŁCĄCYCH NR 1 W GORZOWIE WLKP."
57364;Przedszkole;"PRZEDSZKOLE MIEJSKIE NR 18 W GORZOWIE WLKP.";"ul. Łużycka";"8 ";" ";"66-400 ";"Gorzów Wielkopolski";11793;0935140;0861011;"957227135 ";" ";p18@edu.gorzow.pl;http://;LUBUSKIE;"Gorzów Wielkopolski";"Gorzów Wielkopolski - gmina miejska";"080481738 ";"5993136640 ";publiczna;"Dzieci lub młodzież";"brak specyfiki";"Katarzyna Gawłowska";"MIASTO GORZÓW WIELKOPOLSKI";"Miasto na prawach powiatu";LUBUSKIE;"Gorzów Wielkopolski";"Gorzów Wielkopolski";2010-05-26;;samodzielna;;;
83251;"Liceum ogólnokształcące";"I LICEUM OGÓLNOKSZTAŁCĄCE IM. TADEUSZA KOŚCIUSZKI W GORZOWIE WLKP.";"ul. Aleksandra Puszkina";"31 ";" ";"66-400 ";"Gorzów Wielkopolski";18209;0935140;0861011;"957204842 ";" ";1lo@edu.gorzow.pl;http://;LUBUSKIE;"Gorzów Wielkopolski";"Gorzów Wielkopolski - gmina miejska";"081087512 ";" ";publiczna;"Dzieci lub młodzież";"brak specyfiki";;"MIASTO GORZÓW WIELKOPOLSKI";"Miasto na prawach powiatu";LUBUSKIE;"Gorzów Wielkopolski";"Gorzów Wielkopolski";1994-09-01;;"szkoła/placówka w zespole";"Zespół szkół i placówek oświatowych";12237;"ZESPÓŁ SZKÓŁ OGÓLNOKSZTAŁCĄCYCH NR 1 W GORZOWIE WLKP."
83217;"Szkoła podstawowa";"SZKOŁA PODSTAWOWA NR 11 IM. KRZYSZTOFA KAMILA BACZYŃSKIEGO W GORZOWIE WLKP.";"ul. Jana Stanisławskiego";"2 ";" ";"66-400 ";"Gorzów Wielkopolski";20834;0935140;0861011;"957224404 ";" ";zsspo@edu.gorzow.pl;http://;LUBUSKIE;"Gorzów Wielkopolski";"Gorzów Wielkopolski - gmina miejska";"210202959 ";" ";publiczna;"Dzieci lub młodzież";"brak specyfiki";;"MIASTO GORZÓW WIELKOPOLSKI";"Miasto na prawach powiatu";LUBUSKIE;"Gorzów Wielkopolski";"Gorzów Wielkopolski";1994-01-01;;"szkoła/placówka w zespole";"Zespół szkół i placówek oświatowych";12311;"ZESPÓŁ SZKÓŁ MISTRZOSTWA SPORTOWEGO W GORZOWIE WLKP."
80871;"Szkoła podstawowa";"SZKOŁA PODSTAWOWA NR 21 Z ODDZIAŁAMI INTEGRACYJNYMI I Z ODDZIAŁAMI SPORTOWYMI IM.ORLĄT LWOWSKICH W GORZOWIE WLKP.";"ul. Stanisława Taczaka";"1 ";" ";"66-400 ";"Gorzów Wielkopolski";22597;0935140;0861011;"957231322 ";"957231322 ";sp21@edu.gorzow.pl;http://www.sp21gorzow.pl;LUBUSKIE;"Gorzów Wielkopolski";"Gorzów Wielkopolski - gmina miejska";"211260829 ";"5992541568 ";publiczna;"Dzieci lub młodzież";"brak specyfiki";"IWONA TURCZYŃSKA";"MIASTO GORZÓW WIELKOPOLSKI";"Miasto na prawach powiatu";LUBUSKIE;"Gorzów Wielkopolski";"Gorzów Wielkopolski";1999-06-08;;samodzielna;;;
107052;"Ośrodek Rewalidacyjno-Wychowawczy";"OŚRODEK REHABILITACYJNO -EDUKACYJNO-WYCHOWAWCZY";"ul. Franciszka Walczaka";"1 ";"a ";"66-400 ";"Gorzów Wielkopolski";23519;0935140;0861011;" ";" ";orewgw@psonigorzow.org.pl;http://www.psonigorzow.org.pl;LUBUSKIE;"Gorzów Wielkopolski";"Gorzów Wielkopolski - gmina miejska";"081106528 ";" ";niepubliczna;"Bez kategorii";"brak specyfiki";"Małgorzata Puchlicka";"POLSKIE STOWARZYSZENIE NA RZECZ OSÓB Z NIEPEŁNOSPRAWNOŚCIĄ INTELEKTUALNĄ KOŁO W GORZOWIE WLKP.";Stowarzyszenia;LUBUSKIE;"Gorzów Wielkopolski";"Gorzów Wielkopolski";1992-06-16;;samodzielna;;;
264707;"Placówka Kształcenia Ustawicznego - bez szkół";"PLACÓWKA KSZTAŁCENIA USTAWICZNEGO PULS";"ul. Poleska";"19 ";"D ";"66-400 ";"Gorzów Wielkopolski";16989;0935140;0861011;"957252696 ";"957252697 ";puls@impuls24.pl;http://;LUBUSKIE;"Gorzów Wielkopolski";"Gorzów Wielkopolski - gmina miejska";"368429560 ";" ";niepubliczna;"Bez kategorii";"brak specyfiki";"ANDRZEJ MAZUR";"PULS SP. Z O.O.";"Spółki Handlowe";LUBUSKIE;"Gorzów Wielkopolski";"Gorzów Wielkopolski";2015-12-16;;samodzielna;;;
79158;Technikum;"TECHNIKUM NR 7 IM. MAJORA HENRYKA SUCHARSKIEGO W GORZOWIE WLKP.";"ul. gen. Jarosława Dąbrowskiego";"33 ";" ";"66-400 ";"Gorzów Wielkopolski";03676;0935140;0861011;"957223639 ";" ";zsel@edu.gorzow.pl;http://;LUBUSKIE;"Gorzów Wielkopolski";"Gorzów Wielkopolski - gmina miejska";"211264075 ";" ";publiczna;"Dzieci lub młodzież";"brak specyfiki";;"MIASTO GORZÓW WIELKOPOLSKI";"Miasto na prawach powiatu";LUBUSKIE;"Gorzów Wielkopolski";"Gorzów Wielkopolski";2002-01-23;;"szkoła/placówka w zespole";"Zespół szkół i placówek oświatowych";4485;"ZESPÓŁ SZKÓŁ ELEKTRYCZNYCH IM. MAJORA HENRYKA SUCHARSKIEGO W GORZOWIE WLKP."
71269;"Liceum sztuk plastycznych";"LICEUM SZTUK PLASTYCZNYCH W GORZOWIE WLKP.";"ul. Warszawska";"18 ";" ";"66-400 ";"Gorzów Wielkopolski";23682;0935140;0861011;"957320098 ";" ";lpla@edu.gorzow.pl;http://;LUBUSKIE;"Gorzów Wielkopolski";"Gorzów Wielkopolski - gmina miejska";"210234439 ";"5992289531 ";publiczna;"Bez kategorii";"brak specyfiki";"JAN POTOCKI";"MINISTERSTWO KULTURY I DZIEDZICTWA NARODOWEGO";"Minister ds. kultury i dziedzictwa narodowego";MAZOWIECKIE;Warszawa;Śródmieście;1975-01-01;;samodzielna;;;
53559;Przedszkole;"PRZEDSZKOLE MIEJSKIE NR 1 IM. ŚWIAT BAJECZKI JEDYNECZKI W GORZOWIE WLKP.";"ul. Kosynierów Gdyńskich";"29 ";" ";"66-400 ";"Gorzów Wielkopolski";09503;0935140;0861011;"957223773 ";" ";p1@edu.gorzow.pl;http://;LUBUSKIE;"Gorzów Wielkopolski";"Gorzów Wielkopolski - gmina miejska";"080482910 ";"5993136410 ";publiczna;"Dzieci lub młodzież";"brak specyfiki";"Wioletta Bonifaciuk";"MIASTO GORZÓW WIELKOPOLSKI";"Miasto na prawach powiatu";LUBUSKIE;"Gorzów Wielkopolski";"Gorzów Wielkopolski";2010-05-26;;samodzielna;;;
126071;Przedszkole;"DWUJĘZYCZNE PRZEDSZKOLE INTEGRACYJNE KOLOROWE MOTYLE";"ul. Jana Dekerta";"53 ";" ";"66-400 ";"Gorzów Wielkopolski";03730;0935140;0861011;"793389454 ";" ";biuro@kolorowemotyle.pl;http://www.kolorowemotyle.pl;LUBUSKIE;"Gorzów Wielkopolski";"Gorzów Wielkopolski - gmina miejska";"360149654 ";" ";niepubliczna;"Dzieci lub młodzież";"brak specyfiki";"Ewelina Kwiatkowska";"KOLOROWE MOTYLE SP. Z O.O.";"Spółki Handlowe";LUBUSKIE;"Gorzów Wielkopolski";"Gorzów Wielkopolski";2013-09-25;;samodzielna;;;
83230;Technikum;"TECHNIKUM NR 6 W GORZOWIE WLKP.";"ul. Czereśniowa";"4e ";" ";"66-400 ";"Gorzów Wielkopolski";03376;0935140;0861011;"957320309 ";"957320182 ";zstio@edu.gorzow.pl;http://www.zstio-gorzow.pl;LUBUSKIE;"Gorzów Wielkopolski";"Gorzów Wielkopolski - gmina miejska";"211261036 ";" ";publiczna;"Dzieci lub młodzież";"brak specyfiki";;"MIASTO GORZÓW WIELKOPOLSKI";"Miasto na prawach powiatu";LUBUSKIE;"Gorzów Wielkopolski";"Gorzów Wielkopolski";2002-01-23;;"szkoła/placówka w zespole";"Zespół szkół i placówek oświatowych";12314;"ZESPÓŁ SZKÓŁ TECHNICZNYCH I OGÓLNOKSZTAŁCĄCYCH W GORZOWIE WLKP."
125842;"Szkoła policealna";"DWULETNIA SZKOŁA POLICEALNA ""ŻAK""";"ul. Fryderyka Chopina";"52 ";" ";"66-400 ";"Gorzów Wielkopolski";02849;0935140;0861011;"957352653 ";"957352654 ";gorzow@zak.edu.pl;http://;LUBUSKIE;"Gorzów Wielkopolski";"Gorzów Wielkopolski - gmina miejska";"081246672 ";" ";niepubliczna;"Bez kategorii";"brak specyfiki";"P.O. GRAŻYNA WINKSZNO";"CENTRUM NAUKI I BIZNESU ""ŻAK"" SPÓŁKA Z OGRANICZONĄ ODPOWIEDZIALNOŚCIĄ";"Spółki Handlowe";ŁÓDZKIE;Łódź;Łódź-Górna;2004-08-26;;samodzielna;;;
125095;"Poradnia psychologiczno-pedagogiczna";"NIEPUBLICZNA PORADNIA PSYCHOLOGICZNO - PEDAGOGICZNA";"ul. Franciszka Walczaka";"12c ";"5 ";"66-400 ";"Gorzów Wielkopolski";23519;0935140;0861011;"957835181 ";" ";p.psychologicznopedagogiczna@gmail.com;http://;LUBUSKIE;"Gorzów Wielkopolski";"Gorzów Wielkopolski - gmina miejska";"081238307 ";"5993042005 ";niepubliczna;"Bez kategorii";"brak specyfiki";"Weronika Strzelecka";"WERONIKA STRZELECKA";"Osoba fizyczna";LUBUSKIE;"Gorzów Wielkopolski";"Gorzów Wielkopolski";2014-06-16;;samodzielna;;;
88355;"Placówka doskonalenia nauczycieli";"WOJEWÓDZKI OŚRODEK METODYCZNY";"ul. Władysława Łokietka";"23 ";" ";"66-400 ";"Gorzów Wielkopolski";11653;0935140;0861011;"957216111 ";"957216112 ";wom@womgorz.edu.pl;http://www.womgorz.edu.pl;LUBUSKIE;"Gorzów Wielkopolski";"Gorzów Wielkopolski - gmina miejska";"000806810 ";"5991079671 ";publiczna;"Bez kategorii";"brak specyfiki";"Jerzy Kaliszan";"WOJEWÓDZTWO LUBUSKIE";"Samorząd województwa";LUBUSKIE;"Zielona Góra";"Zielona Góra";1989-09-01;;samodzielna;;;
68542;"Szkoła podstawowa";"SZKOŁA PODSTAWOWA NR 10 Z ODDZIAŁAMI INTEGRACYJNYMI IM. TADEUSZA KOSCIUSZKI W GORZOWIE WLKP.";"ul. Towarowa";"21 ";" ";"66-400 ";"Gorzów Wielkopolski";22907;0935140;0861011;"957225392 ";" ";sp10@edu.gorzow.pl;http://;LUBUSKIE;"Gorzów Wielkopolski";"Gorzów Wielkopolski - gmina miejska";"210202942 ";"5991101519 ";publiczna;"Dzieci lub młodzież";"brak specyfiki";"Beata Szmit";"MIASTO GORZÓW WIELKOPOLSKI";"Miasto na prawach powiatu";LUBUSKIE;"Gorzów Wielkopolski";"Gorzów Wielkopolski";1994-01-01;;samodzielna;;;
114133;"Branżowa szkoła I stopnia";"BRANŻOWA SZKOŁA I STOPNIA WZDZ";"ul. gen. Władysława Sikorskiego";"95 ";" ";"66-400 ";"Gorzów Wielkopolski";19907;0935140;0861011;"957223747 ";" ";zswzdz@gmail.com;http://zdz.gorzow.pl;LUBUSKIE;"Gorzów Wielkopolski";"Gorzów Wielkopolski - gmina miejska";"081129162 ";" ";niepubliczna;"Dzieci lub młodzież";"brak specyfiki";"ANETA USZKIEWICZ";"WOJEWÓDZKI ZAKŁAD DOSKONALENIA ZAWODOWEGO W GORZOWIE WLKP.";Stowarzyszenia;LUBUSKIE;"Gorzów Wielkopolski";"Gorzów Wielkopolski";1994-08-24;;samodzielna;;;
110477;"Szkoła podstawowa";"PRYWATNA SZKOŁA PODSTAWOWA O PROFILU ARTYSTYCZNYM";"ul. Bohaterów Westerplatte";"10 ";" ";"66-400 ";"Gorzów Wielkopolski";01681;0935140;0861011;"957230664 ";" ";szkola@artszkpodst.gorzow.pl;http://www.artszkpodst.gorzow.pl;LUBUSKIE;"Gorzów Wielkopolski";"Gorzów Wielkopolski - gmina miejska";"081116840 ";" ";niepubliczna;"Dzieci lub młodzież";"brak specyfiki";"Alina Iwaszkiewicz";"BOŻENA GOŁACKA";"Osoba fizyczna";LUBUSKIE;"Gorzów Wielkopolski";"Gorzów Wielkopolski";1997-09-01;;samodzielna;;;
107542;Przedszkole;"NIEPUBLICZNE PRZEDSZKOLE ZGROMADZENIA SIÓSTR MIŁOSIERDZIA ŚW. WINCENTEGO A PAULO W GORZOWIE WLKP. ""WINCENTYNSKIE DZIECI";"ul. Warszawska";"45 ";" ";"66-400 ";"Gorzów Wielkopolski";23682;0935140;0861011;"957322692 ";"957322694 ";smprzedszkole45@wp.pl;http://;LUBUSKIE;"Gorzów Wielkopolski";"Gorzów Wielkopolski - gmina miejska";"081108303 ";" ";niepubliczna;"Dzieci lub młodzież";"brak specyfiki";"JUSTYNA URBAN";"ZG.SS.MIŁOSIERDZIA ŚW.WINCENTEGO A PAULO, PROWINCJA KRAKOWSKA";"Organizacje Wyznaniowe";MAŁOPOLSKIE;Kraków;Kraków-Śródmieście;2005-09-01;;samodzielna;;;
83227;"Liceum ogólnokształcące";"VI LICEUM OGÓLNOKSZTAŁCĄCE Z ODDZIAŁAMI SPORTOWYMI W GORZOWIE WLKP.";"ul. Czereśniowa";"4e ";" ";"66-400 ";"Gorzów Wielkopolski";03376;0935140;0861011;"957320309 ";" ";zstio@edu.gorzow.pl;http://;LUBUSKIE;"Gorzów Wielkopolski";"Gorzów Wielkopolski - gmina miejska";"211261059 ";" ";publiczna;"Dzieci lub młodzież";"brak specyfiki";;"MIASTO GORZÓW WIELKOPOLSKI";"Miasto na prawach powiatu";LUBUSKIE;"Gorzów Wielkopolski";"Gorzów Wielkopolski";2002-01-23;;"szkoła/placówka w zespole";"Zespół szkół i placówek oświatowych";12314;"ZESPÓŁ SZKÓŁ TECHNICZNYCH I OGÓLNOKSZTAŁCĄCYCH W GORZOWIE WLKP."
110070;"Liceum ogólnokształcące";"LICEUM OGÓLNOKSZTAŁCĄCE DLA DOROSŁYCH WZDZ W GORZOWIE WLKP";"ul. gen. Władysława Sikorskiego";"95 ";" ";"66-400 ";"Gorzów Wielkopolski";19907;0935140;0861011;"957223747 ";" ";zswzdz@gmail.com;http://zdz.gorzow.pl;LUBUSKIE;"Gorzów Wielkopolski";"Gorzów Wielkopolski - gmina miejska";"081114315 ";" ";niepubliczna;Dorośli;"brak specyfiki";"ZBIGNIEW STASZAK";"WOJEWÓDZKI ZAKŁAD DOSKONALENIA ZAWODOWEGO W GORZOWIE WLKP.";Stowarzyszenia;LUBUSKIE;"Gorzów Wielkopolski";"Gorzów Wielkopolski";2012-09-26;;samodzielna;;;
125982;"Liceum ogólnokształcące";"LICEUM OGÓLNOKSZTAŁCĄCE TEB EDUKACJA DLA DOROSŁYCH";"ul. gen. Władysława Sikorskiego";"48 ";" ";"66-400 ";"Gorzów Wielkopolski";19907;0935140;0861011;"957201737 ";" ";gorzow@teb-edukacja.pl;http://www.teb.pl;LUBUSKIE;"Gorzów Wielkopolski";"Gorzów Wielkopolski - gmina miejska";"360149045 ";" ";niepubliczna;Dorośli;"brak specyfiki";"KATARZYNA GUTRY";"TEB EDUKACJA SPÓŁKA Z OGRANICZONĄ ODPOWIEDZIALNOŚCIĄ";"Spółki Handlowe";WIELKOPOLSKIE;Poznań;"Poznań-Stare Miasto";2010-09-13;;samodzielna;;;
114130;Technikum;"TECHNIKUM USŁUG FRYZJERSKICH WZDZ";"ul. Ewarysta Estkowskiego";"3 ";" ";"66-400 ";"Gorzów Wielkopolski";04832;0935140;0861011;"957223747 ";" ";zswzdz@gmail.com;http://zdz.gorzow.pl;LUBUSKIE;"Gorzów Wielkopolski";"Gorzów Wielkopolski - gmina miejska";"081129133 ";" ";niepubliczna;"Dzieci lub młodzież";"brak specyfiki";"ANETA USZKIEWICZ";"WOJEWÓDZKI ZAKŁAD DOSKONALENIA ZAWODOWEGO W GORZOWIE WLKP.";Stowarzyszenia;LUBUSKIE;"Gorzów Wielkopolski";"Gorzów Wielkopolski";2008-12-19;;samodzielna;;;
61818;Przedszkole;"PRZEDSZKOLE MIEJSKIE NR 33 W GORZOWIE WLKP.";"ul. Franciszka Walczaka";"4 ";" ";"66-400 ";"Gorzów Wielkopolski";23519;0935140;0861011;"957226899 ";" ";p33@edu.gorzow.pl;http://;LUBUSKIE;"Gorzów Wielkopolski";"Gorzów Wielkopolski - gmina miejska";"080482264 ";"5993138432 ";publiczna;"Dzieci lub młodzież";"brak specyfiki";"RENATA KURASZKIEWICZ";"MIASTO GORZÓW WIELKOPOLSKI";"Miasto na prawach powiatu";LUBUSKIE;"Gorzów Wielkopolski";"Gorzów Wielkopolski";2010-05-26;;samodzielna;;;
129602;"Placówka doskonalenia nauczycieli";"CENTRUM DOSKONALENIA NAUCZYCIELI";"ul. gen. Władysława Sikorskiego";"95 ";" ";"66-400 ";"Gorzów Wielkopolski";19907;0935140;0861011;"957223747 ";" ";zswzdz@gmail.com;http://;LUBUSKIE;"Gorzów Wielkopolski";"Gorzów Wielkopolski - gmina miejska";"362681123 ";"5992794335 ";niepubliczna;"Bez kategorii";"brak specyfiki";"Sławomir Skorupa";"WOJEWÓDZKI ZAKŁAD DOSKONALENIA ZAWODOWEGO W GORZOWIE WLKP.";Stowarzyszenia;LUBUSKIE;"Gorzów Wielkopolski";"Gorzów Wielkopolski";2001-03-16;;samodzielna;;;
79847;"Szkoła podstawowa";"SZKOŁA PODSTAWOWA NR 20 Z ODDZIAŁAMI INTEGRACYJNYMI IM. BOHATERÓW WESTERPLATTE W GORZOWIE WLKP.";"ul. Szarych Szeregów";"7 ";" ";"66-400 ";"Gorzów Wielkopolski";21787;0935140;0861011;"957229455 ";" ";sp20@edu.gorzow.pl;http://;LUBUSKIE;"Gorzów Wielkopolski";"Gorzów Wielkopolski - gmina miejska";"211260516 ";"5992546815 ";publiczna;"Dzieci lub młodzież";"brak specyfiki";"JERZY KOZIURA";"MIASTO GORZÓW WIELKOPOLSKI";"Miasto na prawach powiatu";LUBUSKIE;"Gorzów Wielkopolski";"Gorzów Wielkopolski";1999-06-08;;samodzielna;;;
264271;"Szkoła podstawowa";"EDUATUT  SZKOŁA PODSTAWOWA DLA DOROSŁYCH W GORZOWIE WIELKOPOLSKIM";"ul. Fryderyka Chopina";"52 ";" ";"66-400 ";"Gorzów Wielkopolski";02849;0935140;0861011;"531552861 ";" ";sekretariat@eduatut.pl;http://www.eduvision.pl;LUBUSKIE;"Gorzów Wielkopolski";"Gorzów Wielkopolski - gmina miejska";"368299040 ";" ";niepubliczna;Dorośli;"brak specyfiki";"WANDA Długosz Bujak";"GELINO GW SP. Z O.O.";"Spółki Handlowe";ŁÓDZKIE;Łódź;Łódź-Śródmieście;2017-08-01;;samodzielna;;;
268079;"Szkoła specjalna przysposabiająca do pracy";"NIEPUBLICZNA SZKOŁA SPECJALNA PRZYSPOSABIAJĄCA DO PRACY";"ul. Małyszyńska";"8 ";" ";"66-400 ";"Gorzów Wielkopolski";12217;0935140;0861011;" ";" ";autyzm_malyszyn@wp.pl;http://www.autyzm-gorzow.org;LUBUSKIE;"Gorzów Wielkopolski";"Gorzów Wielkopolski - gmina miejska";"380924570 ";" ";niepubliczna;"Dzieci lub młodzież";specjalna;"ANNA ŁAWRYNOWICZ - KACZMAREK";"STOWARZYNIE NA RZECZ OSÓB Z AUTYZMEM";Stowarzyszenia;LUBUSKIE;"Gorzów Wielkopolski";"Gorzów Wielkopolski";2018-08-03;;samodzielna;;;
79160;"Branżowa szkoła I stopnia";"BRANŻOWA SZKOŁA I STOPNIA NR 7 IM. MAJORA HENRYKA SUCHARSKIEGO W GORZOWIE WLKP.";"ul. gen. Jarosława Dąbrowskiego";"33 ";" ";"66-400 ";"Gorzów Wielkopolski";03676;0935140;0861011;"957223639 ";" ";zsel@edu.gorzow.pl;http://;LUBUSKIE;"Gorzów Wielkopolski";"Gorzów Wielkopolski - gmina miejska";"080123460 ";" ";publiczna;"Dzieci lub młodzież";"brak specyfiki";;"MIASTO GORZÓW WIELKOPOLSKI";"Miasto na prawach powiatu";LUBUSKIE;"Gorzów Wielkopolski";"Gorzów Wielkopolski";2006-01-25;;"szkoła/placówka w zespole";"Zespół szkół i placówek oświatowych";4485;"ZESPÓŁ SZKÓŁ ELEKTRYCZNYCH IM. MAJORA HENRYKA SUCHARSKIEGO W GORZOWIE WLKP."
83235;Technikum;"TECHNIKUM NR 9 W GORZOWIE WLKP.";"ul. Poznańska";"23 ";" ";"66-400 ";"Gorzów Wielkopolski";17394;0935140;0861011;"957239524 ";" ";zsog@edu.gorzow.pl;http://;LUBUSKIE;"Gorzów Wielkopolski";"Gorzów Wielkopolski - gmina miejska";"211262455 ";" ";publiczna;"Dzieci lub młodzież";"brak specyfiki";;"MIASTO GORZÓW WIELKOPOLSKI";"Miasto na prawach powiatu";LUBUSKIE;"Gorzów Wielkopolski";"Gorzów Wielkopolski";2002-01-23;;"szkoła/placówka w zespole";"Zespół szkół i placówek oświatowych";12306;"ZESPÓŁ SZKÓŁ OGRODNICZYCH W GORZOWIE WLKP."
57381;Przedszkole;"PRZEDSZKOLE MIEJSKIE NR 23 IM. MAŁY TYGRYSEK PIETREK W GORZOWIE WLKP.";"ul. Walerego Wróblewskiego";"32 ";" ";"66-400 ";"Gorzów Wielkopolski";24838;0935140;0861011;"957350678 ";" ";p23@edu.gorzow.pl;http://;LUBUSKIE;"Gorzów Wielkopolski";"Gorzów Wielkopolski - gmina miejska";"080485890 ";"5993136999 ";publiczna;"Dzieci lub młodzież";"brak specyfiki";"Jolanta Talaska";"MIASTO GORZÓW WIELKOPOLSKI";"Miasto na prawach powiatu";LUBUSKIE;"Gorzów Wielkopolski";"Gorzów Wielkopolski";2010-05-26;;samodzielna;;;
61816;Przedszkole;"PRZEDSZKOLE MIEJSKIE NR 31 IM. KUBUSIA PUCHATKA W GORZOWIE WLKP.";"ul. Chmielna";"7 ";" ";"66-400 ";"Gorzów Wielkopolski";02768;0935140;0861011;"957356146 ";" ";p31@edu.gorzow.pl;http://;LUBUSKIE;"Gorzów Wielkopolski";"Gorzów Wielkopolski - gmina miejska";"080480213 ";"5993136812 ";publiczna;"Dzieci lub młodzież";"brak specyfiki";"IZABELA GRYSZKO";"MIASTO GORZÓW WIELKOPOLSKI";"Miasto na prawach powiatu";LUBUSKIE;"Gorzów Wielkopolski";"Gorzów Wielkopolski";2010-05-26;;samodzielna;;;
114126;"Szkoła podstawowa";"SPOŁECZNA SZKOŁA PODSTAWOWA STOWARZYSZENIA EDUKACYJNEGO";"ul. Kazimierza Wielkiego";"65 ";"B ";"66-400 ";"Gorzów Wielkopolski";08265;0935140;0861011;"957214076 ";"957214076 ";sekretariat@spolecznaszkola.pl;http://www.spolecznaszkola.pl;LUBUSKIE;"Gorzów Wielkopolski";"Gorzów Wielkopolski - gmina miejska";"081129073 ";" ";niepubliczna;"Dzieci lub młodzież";"brak specyfiki";"Danuta Suska";"STOWARZYSZENIE EDUKACYJNE W GORZOWIE WLKP.";Stowarzyszenia;LUBUSKIE;"Gorzów Wielkopolski";"Gorzów Wielkopolski";1990-09-01;;samodzielna;;;
88394;"Biblioteki pedagogiczne";"WOJEWÓDZKI OŚRODEK METODYCZNY BIBLIOTEKA PEDAGOGICZNA";"ul. Władysława Łokietka";"20A ";" ";"66-400 ";"Gorzów Wielkopolski";11653;0935140;0861011;"957216135 ";"957216112 ";barbara.tymszan@womgorz.edu.pl;http://www.womgorz.edu.pl;LUBUSKIE;"Gorzów Wielkopolski";"Gorzów Wielkopolski - gmina miejska";"081089528 ";"5991079671 ";publiczna;"Bez kategorii";"brak specyfiki";"Jerzy Kaliszan";"WOJEWÓDZTWO LUBUSKIE";"Samorząd województwa";LUBUSKIE;"Zielona Góra";"Zielona Góra";1998-09-01;;"szkoła lub placówka z filią";;;
68539;"Szkoła podstawowa";"SZKOŁA PODSTAWOWA NR 9 IM. JANA KOCHANOWSKIEGO W GORZOWIE WLKP.";"ul. Nowa";"7 ";" ";"66-400 ";"Gorzów Wielkopolski";14330;0935140;0861011;"957364597 ";" ";sp9@edu.gorzow.pl;http://;LUBUSKIE;"Gorzów Wielkopolski";"Gorzów Wielkopolski - gmina miejska";"210202936 ";"5991031687 ";publiczna;"Dzieci lub młodzież";"brak specyfiki";"Jolanta Hreniak";"MIASTO GORZÓW WIELKOPOLSKI";"Miasto na prawach powiatu";LUBUSKIE;"Gorzów Wielkopolski";"Gorzów Wielkopolski";1994-01-01;;samodzielna;;;
83258;"Szkoła muzyczna II stopnia";"SZKOŁA MUZYCZNA II STOPNIA IM. TADEUSZA SZELIGOWSKIEGO W GORZOWIE WLKP.";"ul. Bolesława Chrobrego";"3 ";" ";"66-400 ";"Gorzów Wielkopolski";01742;0935140;0861011;"957227537 ";" ";sm1@edu.gorzow.pl;http://;LUBUSKIE;"Gorzów Wielkopolski";"Gorzów Wielkopolski - gmina miejska";"081087498 ";" ";publiczna;"Bez kategorii";"brak specyfiki";;"MINISTERSTWO KULTURY I DZIEDZICTWA NARODOWEGO";"Minister ds. kultury i dziedzictwa narodowego";MAZOWIECKIE;Warszawa;Śródmieście;1975-01-01;;"szkoła/placówka w zespole";"Zespół szkół i placówek oświatowych";71571;"SZKOŁA MUZYCZNA I I II STOPNIA IM. TADEUSZA SZELIGOWSKIEGO W GORZOWIE WLKP."
131155;"Zespół szkół i placówek oświatowych";"CENTRUM KSZTAŁCENIA ZAWODOWEGO I USTAWICZNEGO ""MEDYK""";"ul. Ireny Dowgielewiczowej";"5 ";" ";"66-400 ";"Gorzów Wielkopolski";26734;0935140;0861011;"957359015 ";"957359016 ";sekretariat@ckziumedyk.pl;http://www.ckziumedyk.pl;LUBUSKIE;"Gorzów Wielkopolski";"Gorzów Wielkopolski - gmina miejska";"364981349 ";"5991024871 ";publiczna;"Bez kategorii";"brak specyfiki";"JÓZEFA IRENA SZKLANA-BEREST";"WOJEWÓDZTWO LUBUSKIE";"Samorząd województwa";LUBUSKIE;"Zielona Góra";"Zielona Góra";2016-06-20;;zespół;;;
56676;Przedszkole;"PRZEDSZKOLE MIEJSKIE NR 17 W GORZOWIE WLKP.";"ul. gen. Stanisława Maczka";"21 ";" ";"66-400 ";"Gorzów Wielkopolski";11862;0935140;0861011;"957364100 ";" ";p17@edu.gorzow.pl;http://;LUBUSKIE;"Gorzów Wielkopolski";"Gorzów Wielkopolski - gmina miejska";"080484435 ";"5993137510 ";publiczna;"Dzieci lub młodzież";"brak specyfiki";"KATARZYNA KASPRZAK";"MIASTO GORZÓW WIELKOPOLSKI";"Miasto na prawach powiatu";LUBUSKIE;"Gorzów Wielkopolski";"Gorzów Wielkopolski";2010-05-26;;samodzielna;;;
53997;Przedszkole;"PRZEDSZKOLE MIEJSKIE NR 13 IM. BOLKA I LOLKA W GORZOWIE WLKP.";"ul. Bracka";"67 ";" ";"66-400 ";"Gorzów Wielkopolski";02009;0935140;0861011;"957228737 ";" ";p13@edu.gorzow.pl;http://;LUBUSKIE;"Gorzów Wielkopolski";"Gorzów Wielkopolski - gmina miejska";"080488195 ";"5993137533 ";publiczna;"Dzieci lub młodzież";"brak specyfiki";"Dorota Pietrzak";"MIASTO GORZÓW WIELKOPOLSKI";"Miasto na prawach powiatu";LUBUSKIE;"Gorzów Wielkopolski";"Gorzów Wielkopolski";2010-05-26;;samodzielna;;;
57370;Przedszkole;"PRZEDSZKOLE MIEJSKIE NR 21 IM. MISIA USZATKA W GORZOWIE WLKP.";"ul. Ksawerego Dunikowskiego";"5a ";" ";"66-400 ";"Gorzów Wielkopolski";04399;0935140;0861011;"957291511 ";" ";p21@edu.gorzow.pl;http://;LUBUSKIE;"Gorzów Wielkopolski";"Gorzów Wielkopolski - gmina miejska";"080482904 ";"5993136427 ";publiczna;"Dzieci lub młodzież";"brak specyfiki";"Ewa Zalas";"MIASTO GORZÓW WIELKOPOLSKI";"Miasto na prawach powiatu";LUBUSKIE;"Gorzów Wielkopolski";"Gorzów Wielkopolski";2010-05-26;;samodzielna;;;
12216;"Zespół szkół i placówek oświatowych";"ZESPÓŁ SZKÓŁ MECHANICZNYCH IM. ZESŁAŃCÓW SYBIRU W GORZOWIE WLKP.";"ul. gen. Jarosława Dąbrowskiego";"32 ";" ";"66-400 ";"Gorzów Wielkopolski";03676;0935140;0861011;"957227527 ";" ";zsm@edu.gorzow.pl;http://;LUBUSKIE;"Gorzów Wielkopolski";"Gorzów Wielkopolski - gmina miejska";"210203255 ";"5991113327 ";publiczna;"Bez kategorii";"brak specyfiki";"Piotr Kruk";"MIASTO GORZÓW WIELKOPOLSKI";"Miasto na prawach powiatu";LUBUSKIE;"Gorzów Wielkopolski";"Gorzów Wielkopolski";1994-01-01;;zespół;;;
262611;"Szkoła podstawowa";"SZKOŁA PODSTAWOWA DLA DOROSŁYCH W GORZOWIE WLKP.";"ul. Stefana Okrzei";"42 ";" ";"66-400 ";"Gorzów Wielkopolski";14914;0935140;0861011;"957201733 ";"957201734 ";zsb@edu.gorzow.pl;http://zsb.edu.gorzow.pl;LUBUSKIE;"Gorzów Wielkopolski";"Gorzów Wielkopolski - gmina miejska";"368041399 ";" ";publiczna;Dorośli;"brak specyfiki";;"MIASTO GORZÓW WIELKOPOLSKI";"Miasto na prawach powiatu";LUBUSKIE;"Gorzów Wielkopolski";"Gorzów Wielkopolski";2017-08-21;;"szkoła/placówka w zespole";"Zespół szkół i placówek oświatowych";12260;"ZESPÓŁ SZKÓŁ BUDOWLANYCH I SAMOCHODOWYCH IM. MIKOŁAJA KOPERNIKA W GORZOWIE WLKP."
57371;Przedszkole;"PRZEDSZKOLE MIEJSKIE NR 22 IM. TĘCZOWE PRZEDSZKOLE W GORZOWIE WLKP.";"ul. Szarych Szeregów";"2 ";" ";"66-400 ";"Gorzów Wielkopolski";21787;0935140;0861011;"957321190 ";" ";p22@edu.gorzow.pl;http://;LUBUSKIE;"Gorzów Wielkopolski";"Gorzów Wielkopolski - gmina miejska";"080481767 ";"5993137674 ";publiczna;"Dzieci lub młodzież";"brak specyfiki";"DOROTA SZPEK";"MIASTO GORZÓW WIELKOPOLSKI";"Miasto na prawach powiatu";LUBUSKIE;"Gorzów Wielkopolski";"Gorzów Wielkopolski";2010-05-26;;samodzielna;;;
71657;"Międzyszkolny ośrodek sportowy";"MIĘDZYSZKOLNY OŚRODEK SPORTOWY W GORZOWIE WLKP.";"ul. Fabryczna";"177 ";" ";"66-400 ";"Gorzów Wielkopolski";04863;0935140;0861011;"957223982 ";" ";mos@edu.gorzow.pl;http://;LUBUSKIE;"Gorzów Wielkopolski";"Gorzów Wielkopolski - gmina miejska";"210203373 ";"5992491379 ";publiczna;"Bez kategorii";"brak specyfiki";"Piotr Wójciak";"MIASTO GORZÓW WIELKOPOLSKI";"Miasto na prawach powiatu";LUBUSKIE;"Gorzów Wielkopolski";"Gorzów Wielkopolski";1994-01-01;;samodzielna;;;
83223;"Liceum ogólnokształcące";"VII LICEUM OGÓLNOKSZTAŁCĄCE MISTRZOSTWA SPORTOWEGO W GORZOWIE WLKP.";"ul. Jana Stanisławskiego";"2 ";" ";"66-400 ";"Gorzów Wielkopolski";20834;0935140;0861011;"957224404 ";" ";zsspo@edu.gorzow.pl;http://;LUBUSKIE;"Gorzów Wielkopolski";"Gorzów Wielkopolski - gmina miejska";"080113727 ";" ";publiczna;"Dzieci lub młodzież";"brak specyfiki";;"MIASTO GORZÓW WIELKOPOLSKI";"Miasto na prawach powiatu";LUBUSKIE;"Gorzów Wielkopolski";"Gorzów Wielkopolski";2006-01-25;;"szkoła/placówka w zespole";"Zespół szkół i placówek oświatowych";12311;"ZESPÓŁ SZKÓŁ MISTRZOSTWA SPORTOWEGO W GORZOWIE WLKP."
83248;Technikum;"TECHNIKUM NR 1 W GORZOWIE WLKP.";"ul. Stefana Okrzei";"42 ";" ";"66-400 ";"Gorzów Wielkopolski";14914;0935140;0861011;"957201733 ";"957201734 ";zsb@edu.gorzow.pl;http://zsb.edu.gorzow.pl;LUBUSKIE;"Gorzów Wielkopolski";"Gorzów Wielkopolski - gmina miejska";"211261958 ";" ";publiczna;"Dzieci lub młodzież";"brak specyfiki";;"MIASTO GORZÓW WIELKOPOLSKI";"Miasto na prawach powiatu";LUBUSKIE;"Gorzów Wielkopolski";"Gorzów Wielkopolski";2002-01-23;;"szkoła/placówka w zespole";"Zespół szkół i placówek oświatowych";12260;"ZESPÓŁ SZKÓŁ BUDOWLANYCH I SAMOCHODOWYCH IM. MIKOŁAJA KOPERNIKA W GORZOWIE WLKP."
263761;"Szkoła policealna";"SZKOŁA POLICEALNA OPIEKI MEDYCZNEJ ŻAK W GORZOWIE WIELKOPOLSKIM";"ul. Fryderyka Chopina";"52 ";" ";"66-400 ";"Gorzów Wielkopolski";02849;0935140;0861011;"957352653 ";" ";gorzow@zak.edu.pl;http://www.zak.edu.pl;LUBUSKIE;"Gorzów Wielkopolski";"Gorzów Wielkopolski - gmina miejska";"368221240 ";" ";niepubliczna;"Bez kategorii";"brak specyfiki";"P.O. GRAŻYNA WINKSZNO";"CENTRUM NAUKI I BIZNESU ""ŻAK"" SPÓŁKA Z OGRANICZONĄ ODPOWIEDZIALNOŚCIĄ";"Spółki Handlowe";ŁÓDZKIE;Łódź;Łódź-Górna;2017-09-01;;samodzielna;;;
83234;"Branżowa szkoła I stopnia";"BRANŻOWA SZKOŁA I STOPNIA SPECJALNA NR 14 IM. AMBASADORÓW PRAW CZŁOWIEKA W GORZOWIE WLKP.";"ul. Ignacego Mościckiego";"3 ";" ";"66-400 ";"Gorzów Wielkopolski";13390;0935140;0861011;"957225569 ";" ";zss14@edu.gorzow.pl;http://;LUBUSKIE;"Gorzów Wielkopolski";"Gorzów Wielkopolski - gmina miejska";"211260670 ";" ";publiczna;"Dzieci lub młodzież";specjalna;;"MIASTO GORZÓW WIELKOPOLSKI";"Miasto na prawach powiatu";LUBUSKIE;"Gorzów Wielkopolski";"Gorzów Wielkopolski";1994-01-01;;"szkoła/placówka w zespole";"Zespół szkół i placówek oświatowych";13914;"ZESPÓŁ SZKÓŁ SPECJALNYCH NR 14 W GORZOWIE WLKP."
125253;"Niepubliczna placówka oświatowo-wychowawcza w systemie oświaty";"CENTRUM HAJDASZ JACEK HAJDASZ";"ul. Szarych Szeregów";"7 ";" ";"66-400 ";"Gorzów Wielkopolski";21787;0935140;0861011;"507040770 ";"618218757 ";hajdasz@hajdasz.pl;http://www.hajdasz.pl;LUBUSKIE;"Gorzów Wielkopolski";"Gorzów Wielkopolski - gmina miejska";"081239382 ";" ";niepubliczna;"Bez kategorii";"brak specyfiki";"Ewa Owczarek";"Jacek Hajdasz";"Osoba fizyczna";WIELKOPOLSKIE;Poznań;"Poznań-Stare Miasto";2014-01-30;;samodzielna;;;
126142;"Liceum ogólnokształcące";"EDUATUT LICEUM OGÓLNOKSZTAŁCĄCE DLA DOROSŁYCH W GORZOWIE WIELKOPOLSKIM";"ul. Fryderyka Chopina";"52 ";" ";"66-400 ";"Gorzów Wielkopolski";02849;0935140;0861011;"531552861 ";" ";w.dlugosz-bujak@eduatut.pl;http://www.eduatut.pl;LUBUSKIE;"Gorzów Wielkopolski";"Gorzów Wielkopolski - gmina miejska";"360169540 ";" ";niepubliczna;Dorośli;"brak specyfiki";"WANDA DŁUGOSZ BUJAK";"GELINO GW SP. Z O.O.";"Spółki Handlowe";ŁÓDZKIE;Łódź;Łódź-Śródmieście;2009-08-25;;samodzielna;;;
78010;"Szkoła policealna";"MEDYCZNE STUDIUM ZAWODOWE";"ul. Ireny Dowgielewiczowej";"5 ";" ";"66-400 ";"Gorzów Wielkopolski";26734;0935140;0861011;"0957359015 ";"0957359016 ";sekretariat@msz.gorzow.pl;http://www.msz.gorzow.pl;LUBUSKIE;"Gorzów Wielkopolski";"Gorzów Wielkopolski - gmina miejska";"210228806 ";"5991024871 ";publiczna;"Bez kategorii";"brak specyfiki";;"WOJEWÓDZTWO LUBUSKIE";"Samorząd województwa";LUBUSKIE;"Zielona Góra";"Zielona Góra";1955-02-01;;"szkoła/placówka w zespole";"Zespół szkół i placówek oświatowych";131155;"CENTRUM KSZTAŁCENIA ZAWODOWEGO I USTAWICZNEGO ""MEDYK"""
83249;"Branżowa szkoła I stopnia";"BRANŻOWA SZKOŁA I STOPNIA NR 1 W GORZOWIE WLKP.";"ul. Stefana Okrzei";"42 ";" ";"66-400 ";"Gorzów Wielkopolski";14914;0935140;0861011;"957201733 ";"957201734 ";zsb@edu.gorzow.pl;http://zsb.edu.gorzow.pl;LUBUSKIE;"Gorzów Wielkopolski";"Gorzów Wielkopolski - gmina miejska";"211261929 ";" ";publiczna;"Dzieci lub młodzież";"brak specyfiki";;"MIASTO GORZÓW WIELKOPOLSKI";"Miasto na prawach powiatu";LUBUSKIE;"Gorzów Wielkopolski";"Gorzów Wielkopolski";2002-01-23;;"szkoła/placówka w zespole";"Zespół szkół i placówek oświatowych";12260;"ZESPÓŁ SZKÓŁ BUDOWLANYCH I SAMOCHODOWYCH IM. MIKOŁAJA KOPERNIKA W GORZOWIE WLKP."
83236;"Branżowa szkoła I stopnia";"BRANŻOWA SZKOŁA I STOPNIA NR 9 W GORZOWIE WLKP.";"ul. Poznańska";"23 ";" ";"66-400 ";"Gorzów Wielkopolski";17394;0935140;0861011;"957239524 ";" ";zsog@edu.gorzow.pl;http://;LUBUSKIE;"Gorzów Wielkopolski";"Gorzów Wielkopolski - gmina miejska";"211262432 ";" ";publiczna;"Dzieci lub młodzież";"brak specyfiki";;"MIASTO GORZÓW WIELKOPOLSKI";"Miasto na prawach powiatu";LUBUSKIE;"Gorzów Wielkopolski";"Gorzów Wielkopolski";2002-01-23;;"szkoła/placówka w zespole";"Zespół szkół i placówek oświatowych";12306;"ZESPÓŁ SZKÓŁ OGRODNICZYCH W GORZOWIE WLKP."
61821;Przedszkole;"PRZEDSZKOLE MIEJSKIE NR 7 IM. BAJKOWY ŚWIAT W GORZOWIE WLKP.";"ul. Wojciecha Głowackiego";"4 ";" ";"66-400 ";"Gorzów Wielkopolski";05629;0935140;0861011;"957320953 ";" ";p7@edu.gorzow.pl;http://;LUBUSKIE;"Gorzów Wielkopolski";"Gorzów Wielkopolski - gmina miejska";"080483619 ";"5993136775 ";publiczna;"Dzieci lub młodzież";"brak specyfiki";"Jolanta Świtała";"MIASTO GORZÓW WIELKOPOLSKI";"Miasto na prawach powiatu";LUBUSKIE;"Gorzów Wielkopolski";"Gorzów Wielkopolski";2010-05-26;;samodzielna;;;
92679;Technikum;"TECHNIKUM NR 5 W GORZOWIE WLKP.";"ul. gen. Jarosława Dąbrowskiego";"32 ";" ";"66-400 ";"Gorzów Wielkopolski";03676;0935140;0861011;"957227527 ";" ";zsm@edu.gorzow.pl;http://;LUBUSKIE;"Gorzów Wielkopolski";"Gorzów Wielkopolski - gmina miejska";"211271141 ";" ";publiczna;"Dzieci lub młodzież";"brak specyfiki";;"MIASTO GORZÓW WIELKOPOLSKI";"Miasto na prawach powiatu";LUBUSKIE;"Gorzów Wielkopolski";"Gorzów Wielkopolski";2002-01-23;;"szkoła/placówka w zespole";"Zespół szkół i placówek oświatowych";12216;"ZESPÓŁ SZKÓŁ MECHANICZNYCH IM. ZESŁAŃCÓW SYBIRU W GORZOWIE WLKP."
12252;"Zespół szkół i placówek oświatowych";"ZESPÓŁ SZKÓŁ OGÓLNOKSZTAŁCĄCYCH NR 3 W GORZOWIE WLKP.";"ul. Ewarysta Estkowskiego";"3 ";" ";"66-400 ";"Gorzów Wielkopolski";04832;0935140;0861011;"957202400 ";" ";zso3@edu.gorzow.pl;http://;LUBUSKIE;"Gorzów Wielkopolski";"Gorzów Wielkopolski - gmina miejska";"210203172 ";"5991113729 ";publiczna;"Bez kategorii";"brak specyfiki";"Janusz Hwozdyk";"MIASTO GORZÓW WIELKOPOLSKI";"Miasto na prawach powiatu";LUBUSKIE;"Gorzów Wielkopolski";"Gorzów Wielkopolski";1994-01-01;;zespół;;;
83225;"Szkoła podstawowa";"SZKOŁA PODSTAWOWA NR 3 MISTRZOSTWA SPORTOWEGO Z ODDZIAŁAMI SPORTOWYMI W GORZOWIE WLKP.";"ul. Jana Stanisławskiego";"2 ";" ";"66-400 ";"Gorzów Wielkopolski";20834;0935140;0861011;"957224404 ";" ";zsspo@edu.gorzow.pl;http://;LUBUSKIE;"Gorzów Wielkopolski";"Gorzów Wielkopolski - gmina miejska";"080023295 ";" ";publiczna;"Dzieci lub młodzież";"brak specyfiki";;"MIASTO GORZÓW WIELKOPOLSKI";"Miasto na prawach powiatu";LUBUSKIE;"Gorzów Wielkopolski";"Gorzów Wielkopolski";2005-03-09;;"szkoła/placówka w zespole";"Zespół szkół i placówek oświatowych";12311;"ZESPÓŁ SZKÓŁ MISTRZOSTWA SPORTOWEGO W GORZOWIE WLKP."
83232;"Szkoła podstawowa";"SZKOŁA PODSTAWOWA SPECJALNA NR 14 IM. AMBASADORÓW PRAW CZŁOWIEKA W GORZOWIE WLKP.";"ul. Ignacego Mościckiego";"3 ";" ";"66-400 ";"Gorzów Wielkopolski";13390;0935140;0861011;"957835281 ";" ";zss14@edu.gorzow.pl;http://;LUBUSKIE;"Gorzów Wielkopolski";"Gorzów Wielkopolski - gmina miejska";"211260634 ";" ";publiczna;"Dzieci lub młodzież";specjalna;;"MIASTO GORZÓW WIELKOPOLSKI";"Miasto na prawach powiatu";LUBUSKIE;"Gorzów Wielkopolski";"Gorzów Wielkopolski";1994-01-01;;"szkoła/placówka w zespole";"Zespół szkół i placówek oświatowych";13914;"ZESPÓŁ SZKÓŁ SPECJALNYCH NR 14 W GORZOWIE WLKP."
61819;Przedszkole;"PRZEDSZKOLE MIEJSKIE NR 4 IM. MAŁYCH ODKRYWCÓW W GORZOWIE WLKP.";"ul. Kobylogórska";"107 ";" ";"66-400 ";"Gorzów Wielkopolski";08707;0935140;0861011;"957226452 ";" ";p4@edu.gorzow.pl;http://;LUBUSKIE;"Gorzów Wielkopolski";"Gorzów Wielkopolski - gmina miejska";"080488752 ";"5993137875 ";publiczna;"Dzieci lub młodzież";"brak specyfiki";"Bożena Skoczna";"MIASTO GORZÓW WIELKOPOLSKI";"Miasto na prawach powiatu";LUBUSKIE;"Gorzów Wielkopolski";"Gorzów Wielkopolski";2010-05-26;;samodzielna;;;
114114;"Szkoła podstawowa";"KATOLICKA SZKOŁA PODSTAWOWA IM. ŚW. JANA PAWŁA II";"ul. Waldemara Kućki";"1 ";" ";"66-400 ";"Gorzów Wielkopolski";26729;0935140;0861011;"957205736 ";" ";ksp-gorzow@wp.pl;http://;LUBUSKIE;"Gorzów Wielkopolski";"Gorzów Wielkopolski - gmina miejska";"081129044 ";" ";niepubliczna;"Dzieci lub młodzież";"brak specyfiki";"Ilona Maścianica";"CENTRUM EDUKACYJNE DIECEZJI ZIELONOGÓRSKO-GORZOWSKIEJ";"Organizacje Wyznaniowe";LUBUSKIE;"Zielona Góra";"Zielona Góra";1995-09-01;;samodzielna;;;
125838;"Niepubliczna placówka kształcenia ustawicznego i praktycznego";"OŚRODEK SZKOLENIOWY CENTRUM NAUKI I BIZNESU ""ŻAK"" W GORZOWIE WIELKOPOLSKIM";"ul. Fryderyka Chopina";"52 ";" ";"66-400 ";"Gorzów Wielkopolski";02849;0935140;0861011;"957352653 ";"957352654 ";gorzow@zak.edu.gorzow.pl;http://;LUBUSKIE;"Gorzów Wielkopolski";"Gorzów Wielkopolski - gmina miejska";"081246666 ";" ";niepubliczna;"Bez kategorii";"brak specyfiki";"P.O. GRAŻYNA WINKSZNO";"CENTRUM NAUKI I BIZNESU ""ŻAK"" SPÓŁKA Z OGRANICZONĄ ODPOWIEDZIALNOŚCIĄ";"Spółki Handlowe";ŁÓDZKIE;Łódź;Łódź-Górna;2009-11-30;;samodzielna;;;
50246;"Zespół szkół i placówek oświatowych";"ZESPÓŁ KSZTAŁCENIA SPECJALNEGO NR 1 IM. KAROLA WOJTYŁY W GORZOWIE WLKP.";"ul. Ksawerego Dunikowskiego";"5 ";" ";"66-400 ";"Gorzów Wielkopolski";04399;0935140;0861011;"957228466 ";" ";zks@edu.gorzow.pl;http://;LUBUSKIE;"Gorzów Wielkopolski";"Gorzów Wielkopolski - gmina miejska";"210203491 ";"5992011095 ";publiczna;"Bez kategorii";"brak specyfiki";"ANNA KUCZYŃSKA";"MIASTO GORZÓW WIELKOPOLSKI";"Miasto na prawach powiatu";LUBUSKIE;"Gorzów Wielkopolski";"Gorzów Wielkopolski";1994-01-01;;zespół;;;
80879;"Szkoła podstawowa";"SZKOŁA PODSTAWOWA NR 17 Z ODDZIAŁAMI SPORTOWYMI IM. ADAMA MICKIEWICZA W GORZOWIE WLKP.";"ul. Warszawska";"19 ";" ";"66-400 ";"Gorzów Wielkopolski";23682;0935140;0861011;"957320347 ";" ";sp17@edu.gorzow.pl;http://;LUBUSKIE;"Gorzów Wielkopolski";"Gorzów Wielkopolski - gmina miejska";"210203002 ";"5993243198 ";publiczna;"Dzieci lub młodzież";"brak specyfiki";"MARIA ZAWADZKA";"MIASTO GORZÓW WIELKOPOLSKI";"Miasto na prawach powiatu";LUBUSKIE;"Gorzów Wielkopolski";"Gorzów Wielkopolski";1994-01-01;;samodzielna;;;
126002;"Niepubliczna placówka kształcenia ustawicznego i praktycznego";"TEB EDUKACJA STUDIUM KSZTAŁCENIA PRAKTYCZNEGO";"ul. gen. Władysława Sikorskiego";"48 ";" ";"66-400 ";"Gorzów Wielkopolski";19907;0935140;0861011;"957201737 ";" ";gorzow@teb-edukacja.pl;http://;LUBUSKIE;"Gorzów Wielkopolski";"Gorzów Wielkopolski - gmina miejska";"360148034 ";" ";niepubliczna;"Bez kategorii";"brak specyfiki";"KATARZYNA GUTRY";"TEB EDUKACJA SPÓŁKA Z OGRANICZONĄ ODPOWIEDZIALNOŚCIĄ";"Spółki Handlowe";WIELKOPOLSKIE;Poznań;"Poznań-Stare Miasto";2010-01-05;;samodzielna;;;
12300;"Zespół szkół i placówek oświatowych";"ZESPÓŁ SZKÓŁ OGÓLNOKSZTAŁCĄCYCH NR 2 W GORZOWIE WLKP.";"ul. Przemysłowa";"22 ";" ";"66-400 ";"Gorzów Wielkopolski";17742;0935140;0861011;"957228438 ";" ";2lo@edu.gorzow.pl;http://;LUBUSKIE;"Gorzów Wielkopolski";"Gorzów Wielkopolski - gmina miejska";"210203166 ";"5992296850 ";publiczna;"Bez kategorii";"brak specyfiki";"Tomasz Pluta";"MIASTO GORZÓW WIELKOPOLSKI";"Miasto na prawach powiatu";LUBUSKIE;"Gorzów Wielkopolski";"Gorzów Wielkopolski";1994-01-01;;zespół;;;
57374;Przedszkole;"PRZEDSZKOLE MIEJSKIE NR 25 W GORZOWIE WLKP.";"ul. Jana Długosza";"34 ";" ";"66-400 ";"Gorzów Wielkopolski";03851;0935140;0861011;"957291510 ";" ";p25@edu.gorzow.pl;http://;LUBUSKIE;"Gorzów Wielkopolski";"Gorzów Wielkopolski - gmina miejska";"080484441 ";"5993137148 ";publiczna;"Dzieci lub młodzież";"brak specyfiki";"Elżbieta Łukaszczuk";"MIASTO GORZÓW WIELKOPOLSKI";"Miasto na prawach powiatu";LUBUSKIE;"Gorzów Wielkopolski";"Gorzów Wielkopolski";2010-05-26;;samodzielna;;;
92680;"Branżowa szkoła I stopnia";"BRANŻOWA SZKOŁA I STOPNIA NR 5 W GORZOWIE WLKP.";"ul. gen. Jarosława Dąbrowskiego";"32 ";" ";"66-400 ";"Gorzów Wielkopolski";03676;0935140;0861011;"957227527 ";" ";zsm@edu.gorzow.pl;http://;LUBUSKIE;"Gorzów Wielkopolski";"Gorzów Wielkopolski - gmina miejska";"211271112 ";" ";publiczna;"Dzieci lub młodzież";"brak specyfiki";;"MIASTO GORZÓW WIELKOPOLSKI";"Miasto na prawach powiatu";LUBUSKIE;"Gorzów Wielkopolski";"Gorzów Wielkopolski";2002-01-23;;"szkoła/placówka w zespole";"Zespół szkół i placówek oświatowych";12216;"ZESPÓŁ SZKÓŁ MECHANICZNYCH IM. ZESŁAŃCÓW SYBIRU W GORZOWIE WLKP."
125988;"Szkoła policealna";"POLICEALNA SZKOŁA TEB EDUKACJA";"ul. gen. Władysława Sikorskiego";"48 ";" ";"66-400 ";"Gorzów Wielkopolski";19907;0935140;0861011;"957201737 ";" ";gorzow@teb-edukacja.pl;http://www.teb.pl;LUBUSKIE;"Gorzów Wielkopolski";"Gorzów Wielkopolski - gmina miejska";"360148873 ";" ";niepubliczna;"Bez kategorii";"brak specyfiki";"KATARZYNA GUTRY";"TEB EDUKACJA SPÓŁKA Z OGRANICZONĄ ODPOWIEDZIALNOŚCIĄ";"Spółki Handlowe";WIELKOPOLSKIE;Poznań;"Poznań-Stare Miasto";2005-08-08;;samodzielna;;;
13935;"Zespół szkół i placówek oświatowych";"ZESPÓŁ SZKÓŁ ODZIEŻOWYCH IM. KRZYSZTOFA KIEŚLOWSKIEGO W GORZOWIE WLKP.";"ul. Śląska";"64c ";" ";"66-400 ";"Gorzów Wielkopolski";22308;0935140;0861011;"957280892 ";" ";zsod@edu.gorzow.pl;http://;LUBUSKIE;"Gorzów Wielkopolski";"Gorzów Wielkopolski - gmina miejska";"210203278 ";"5991080415 ";publiczna;"Bez kategorii";"brak specyfiki";"Anna Maciejewicz";"MIASTO GORZÓW WIELKOPOLSKI";"Miasto na prawach powiatu";LUBUSKIE;"Gorzów Wielkopolski";"Gorzów Wielkopolski";1994-01-01;;zespół;;;
263802;"Liceum ogólnokształcące";"ZAOCZNE LICEUM OGÓLNOKSZTAŁCĄCE DLA DOROSŁYCH COSINUS PLUS W GORZOWIE WIELKOPOLSKIM";"ul. Franciszka Walczaka";"25 ";" ";"66-400 ";"Gorzów Wielkopolski";23519;0935140;0861011;"957358544 ";" ";gorzow@cosinus.pl;http://www.cosinus.pl;LUBUSKIE;"Gorzów Wielkopolski";"Gorzów Wielkopolski - gmina miejska";"368225001 ";" ";niepubliczna;Dorośli;"brak specyfiki";"ELŻBIETA POŁOMKA";"FUNDACJA RIDETON";Fundacje;ŁÓDZKIE;Łódź;Łódź-Śródmieście;2015-09-07;;samodzielna;;;
131550;"Punkt przedszkolny";"NIEPUBLICZNY PUNKT PRZEDSZKOLNY MAŁY SZTUKMISTRZ";"ul. Armii Krajowej";"27 D ";" ";"66-400 ";"Gorzów Wielkopolski";00432;0935140;0861011;"603133543 ";" ";jagoda1365@wp.pl;http://;LUBUSKIE;"Gorzów Wielkopolski";"Gorzów Wielkopolski - gmina miejska";"365219098 ";" ";niepubliczna;"Dzieci lub młodzież";"brak specyfiki";"Magda Staniów";"JADWIGA MAJEWSKA";"Osoba fizyczna";LUBUSKIE;"Gorzów Wielkopolski";"Gorzów Wielkopolski";2016-08-19;;samodzielna;;;
83246;Przedszkole;"PRZEDSZKOLE SPECJALNE NR 34 IM. KAROLA WOJTYŁY W GORZOWIE WLKP.";"ul. Ksawerego Dunikowskiego";"5 ";" ";"66-400 ";"Gorzów Wielkopolski";04399;0935140;0861011;"957228466 ";" ";zks@edu.gorzow.pl;http://;LUBUSKIE;"Gorzów Wielkopolski";"Gorzów Wielkopolski - gmina miejska";"211268601 ";" ";publiczna;"Dzieci lub młodzież";specjalna;;"MIASTO GORZÓW WIELKOPOLSKI";"Miasto na prawach powiatu";LUBUSKIE;"Gorzów Wielkopolski";"Gorzów Wielkopolski";1999-01-31;;"szkoła/placówka w zespole";"Zespół szkół i placówek oświatowych";50246;"ZESPÓŁ KSZTAŁCENIA SPECJALNEGO NR 1 IM. KAROLA WOJTYŁY W GORZOWIE WLKP."
84261;"Liceum ogólnokształcące";"II LICEUM OGÓLNOKSZTAŁCĄCE DLA DOROSŁYCH W GORZOWIE WLKP.";"ul. Przemysłowa";"22 ";" ";"66-400 ";"Gorzów Wielkopolski";17742;0935140;0861011;"957228438 ";" ";2lo@edu.gorzow.pl;http://;LUBUSKIE;"Gorzów Wielkopolski";"Gorzów Wielkopolski - gmina miejska";"081088428 ";" ";publiczna;Dorośli;"brak specyfiki";;"MIASTO GORZÓW WIELKOPOLSKI";"Miasto na prawach powiatu";LUBUSKIE;"Gorzów Wielkopolski";"Gorzów Wielkopolski";1994-09-01;;"szkoła/placówka w zespole";"Zespół szkół i placówek oświatowych";12300;"ZESPÓŁ SZKÓŁ OGÓLNOKSZTAŁCĄCYCH NR 2 W GORZOWIE WLKP."
55077;Przedszkole;"PRZEDSZKOLE MIEJSKIE NR 16  W GORZOWIE WLKP.";"ul. Wiejska";"6 ";" ";"66-400 ";"Gorzów Wielkopolski";24048;0935140;0861011;"957350706 ";" ";p16@edu.gorzow.pl;http://;LUBUSKIE;"Gorzów Wielkopolski";"Gorzów Wielkopolski - gmina miejska";"080480220 ";"5993136829 ";publiczna;"Dzieci lub młodzież";"brak specyfiki";"Anna Drewnowska-Frątczak";"MIASTO GORZÓW WIELKOPOLSKI";"Miasto na prawach powiatu";LUBUSKIE;"Gorzów Wielkopolski";"Gorzów Wielkopolski";2010-05-26;;samodzielna;;;
83239;"Branżowa szkoła I stopnia";"BRANŻOWA SZKOŁA I STOPNIA NR 4 W GORZOWIE WLKP.";"ul. Śląska";"64c ";" ";"66-400 ";"Gorzów Wielkopolski";22308;0935140;0861011;"957280892 ";" ";zsod@edu.gorzow.pl;http://;LUBUSKIE;"Gorzów Wielkopolski";"Gorzów Wielkopolski - gmina miejska";"211271230 ";" ";publiczna;"Dzieci lub młodzież";"brak specyfiki";;"MIASTO GORZÓW WIELKOPOLSKI";"Miasto na prawach powiatu";LUBUSKIE;"Gorzów Wielkopolski";"Gorzów Wielkopolski";2002-01-23;;"szkoła/placówka w zespole";"Zespół szkół i placówek oświatowych";13935;"ZESPÓŁ SZKÓŁ ODZIEŻOWYCH IM. KRZYSZTOFA KIEŚLOWSKIEGO W GORZOWIE WLKP."
71572;"Zespół szkół i placówek oświatowych";"CENTRUM KSZTAŁCENIA ZAWODOWEGO W GORZOWIE WLKP.";"ul. Pomorska";"67 ";" ";"66-400 ";"Gorzów Wielkopolski";17088;0935140;0861011;"957332060 ";" ";ckz@edu.gorzow.pl;http://;LUBUSKIE;"Gorzów Wielkopolski";"Gorzów Wielkopolski - gmina miejska";"210939312 ";"5992412055 ";publiczna;"Bez kategorii";"brak specyfiki";"DOROTA KACZMAREK";"MIASTO GORZÓW WIELKOPOLSKI";"Miasto na prawach powiatu";LUBUSKIE;"Gorzów Wielkopolski";"Gorzów Wielkopolski";1998-05-08;;zespół;;;
80878;"Liceum ogólnokształcące";"III LICEUM OGÓLNOKSZTAŁCĄCE IM. WŁADYSŁAWA SZAFERA W GORZOWIE WLKP.";"ul. Ewarysta Estkowskiego";"3 ";" ";"66-400 ";"Gorzów Wielkopolski";04832;0935140;0861011;"957202400 ";" ";zso3@edu.gorzow.pl;http://;LUBUSKIE;"Gorzów Wielkopolski";"Gorzów Wielkopolski - gmina miejska";"211055874 ";" ";publiczna;"Dzieci lub młodzież";"brak specyfiki";;"MIASTO GORZÓW WIELKOPOLSKI";"Miasto na prawach powiatu";LUBUSKIE;"Gorzów Wielkopolski";"Gorzów Wielkopolski";1999-09-01;;"szkoła/placówka w zespole";"Zespół szkół i placówek oświatowych";12252;"ZESPÓŁ SZKÓŁ OGÓLNOKSZTAŁCĄCYCH NR 3 W GORZOWIE WLKP."
83243;"Branżowa szkoła I stopnia";"BRANŻOWA SZKOŁA I STOPNIA NR 3 W GORZOWIE WLKP.";"ul. Okólna";"35 ";" ";"66-400 ";"Gorzów Wielkopolski";14890;0935140;0861011;"957225242 ";" ";zsg@edu.gorzow.pl;http://;LUBUSKIE;"Gorzów Wielkopolski";"Gorzów Wielkopolski - gmina miejska";"211261770 ";" ";publiczna;"Dzieci lub młodzież";"brak specyfiki";;"MIASTO GORZÓW WIELKOPOLSKI";"Miasto na prawach powiatu";LUBUSKIE;"Gorzów Wielkopolski";"Gorzów Wielkopolski";1999-01-01;;"szkoła/placówka w zespole";"Zespół szkół i placówek oświatowych";4489;"ZESPÓŁ SZKÓŁ GASTRONOMICZNYCH IM. FEBRONII GAJEWSKIEJ-KARAMAĆ W GORZOWIE WLKP."
131269;"Szkoła policealna";"SZKOŁA POLICEALNA NR 1 ""MEDYK"" W GORZOWIE WIELKOPOLSKIM";"ul. Ireny Dowgielewiczowej";"5 ";" ";"66-400 ";"Gorzów Wielkopolski";26734;0935140;0861011;"957359015 ";"957359016 ";sekretariat@ckziumedyk.pl;http://www.ckziumedyk.pl;LUBUSKIE;"Gorzów Wielkopolski";"Gorzów Wielkopolski - gmina miejska";"365079361 ";"5991024871 ";publiczna;"Bez kategorii";"brak specyfiki";;"WOJEWÓDZTWO LUBUSKIE";"Samorząd województwa";LUBUSKIE;"Zielona Góra";"Zielona Góra";2016-06-20;;"szkoła/placówka w zespole";"Zespół szkół i placówek oświatowych";131155;"CENTRUM KSZTAŁCENIA ZAWODOWEGO I USTAWICZNEGO ""MEDYK"""
91325;"Szkoła policealna";"POLICEALNA SZKOŁA NR 6 W GORZOWIE WLKP.";"ul. Pomorska";"67 ";" ";"66-400 ";"Gorzów Wielkopolski";17088;0935140;0861011;"957332060 ";" ";ckz@edu.gorzow.pl;http://;LUBUSKIE;"Gorzów Wielkopolski";"Gorzów Wielkopolski - gmina miejska";"080437074 ";" ";publiczna;"Bez kategorii";"brak specyfiki";;"MIASTO GORZÓW WIELKOPOLSKI";"Miasto na prawach powiatu";LUBUSKIE;"Gorzów Wielkopolski";"Gorzów Wielkopolski";2001-09-01;;"szkoła/placówka w zespole";"Zespół szkół i placówek oświatowych";71572;"CENTRUM KSZTAŁCENIA ZAWODOWEGO W GORZOWIE WLKP."
83233;"Szkoła specjalna przysposabiająca do pracy";"SZKOŁA SPECJALNA PRZYSPOSABIAJĄCA DO PRACY IM. AMBASADORÓW PRAW CZŁOWIEKA W GORZOWIE WLKP.";"ul. Ignacego Mościckiego";"3 ";" ";"66-400 ";"Gorzów Wielkopolski";13390;0935140;0861011;"957225569 ";" ";zss14@edu.gorzow.pl;http://;LUBUSKIE;"Gorzów Wielkopolski";"Gorzów Wielkopolski - gmina miejska";"080033419 ";" ";publiczna;"Dzieci lub młodzież";specjalna;;"MIASTO GORZÓW WIELKOPOLSKI";"Miasto na prawach powiatu";LUBUSKIE;"Gorzów Wielkopolski";"Gorzów Wielkopolski";2005-06-22;;"szkoła/placówka w zespole";"Zespół szkół i placówek oświatowych";13914;"ZESPÓŁ SZKÓŁ SPECJALNYCH NR 14 W GORZOWIE WLKP."
83245;"Szkoła podstawowa";"SZKOŁA PODSTAWOWA SPECJALNA NR 18 IM. KAROLA WOJTYŁY W GORZOWIE WLKP.";"ul. Ksawerego Dunikowskiego";"5 ";" ";"66-400 ";"Gorzów Wielkopolski";04399;0935140;0861011;"957228466 ";" ";zks@edu.gorzow.pl;http://;LUBUSKIE;"Gorzów Wielkopolski";"Gorzów Wielkopolski - gmina miejska";"211268593 ";" ";publiczna;"Dzieci lub młodzież";specjalna;;"MIASTO GORZÓW WIELKOPOLSKI";"Miasto na prawach powiatu";LUBUSKIE;"Gorzów Wielkopolski";"Gorzów Wielkopolski";1999-01-31;;"szkoła/placówka w zespole";"Zespół szkół i placówek oświatowych";50246;"ZESPÓŁ KSZTAŁCENIA SPECJALNEGO NR 1 IM. KAROLA WOJTYŁY W GORZOWIE WLKP."
61817;Przedszkole;"PRZEDSZKOLE MIEJSKIE NR 32 IM. KRÓLA MACIUSIA I W GORZOWIE WLKP.";"ul. Stilonowa";"20 ";" ";"66-400 ";"Gorzów Wielkopolski";21181;0935140;0861011;"957323595 ";" ";p32@edu.gorzow.pl;http://;LUBUSKIE;"Gorzów Wielkopolski";"Gorzów Wielkopolski - gmina miejska";"080486049 ";"5993137007 ";publiczna;"Dzieci lub młodzież";"brak specyfiki";"IZABELA KUTEREBA";"MIASTO GORZÓW WIELKOPOLSKI";"Miasto na prawach powiatu";LUBUSKIE;"Gorzów Wielkopolski";"Gorzów Wielkopolski";2010-05-26;;samodzielna;;;
83255;"Liceum ogólnokształcące";"II LICEUM OGÓLNOKSZTAŁCACE IM. MARII SKŁODOWSKIEJ-CURIE W GORZOWIE WLKP.";"ul. Przemysłowa";"22 ";" ";"66-400 ";"Gorzów Wielkopolski";17742;0935140;0861011;"957228438 ";" ";2lo@edu.gorzow.pl;http://;LUBUSKIE;"Gorzów Wielkopolski";"Gorzów Wielkopolski - gmina miejska";"081087558 ";" ";publiczna;"Dzieci lub młodzież";"brak specyfiki";;"MIASTO GORZÓW WIELKOPOLSKI";"Miasto na prawach powiatu";LUBUSKIE;"Gorzów Wielkopolski";"Gorzów Wielkopolski";1994-09-01;;"szkoła/placówka w zespole";"Zespół szkół i placówek oświatowych";12300;"ZESPÓŁ SZKÓŁ OGÓLNOKSZTAŁCĄCYCH NR 2 W GORZOWIE WLKP."
12244;"Zespół szkół i placówek oświatowych";"ZESPÓŁ SZKÓŁ OGÓLNOKSZTAŁCĄCYCH NR 16 W GORZOWIE WLKP.";"ul. Ksawerego Dunikowskiego";"5 ";" ";"66-400 ";"Gorzów Wielkopolski";04399;0935140;0861011;"957213624 ";" ";zso16@edu.gorzow.pl;http://;LUBUSKIE;"Gorzów Wielkopolski";"Gorzów Wielkopolski - gmina miejska";"210202994 ";"5991087156 ";publiczna;"Bez kategorii";"brak specyfiki";"Marek Piechowiak";"MIASTO GORZÓW WIELKOPOLSKI";"Miasto na prawach powiatu";LUBUSKIE;"Gorzów Wielkopolski";"Gorzów Wielkopolski";1994-01-01;;zespół;;;
268503;"Szkoła specjalna przysposabiająca do pracy";"SZKOŁA SPECJALNA PRZYSPOSABIAJĄCA DO PRACY NR 2";"ul. Ksawerego Dunikowskiego";"5 ";" ";"66-400 ";"Gorzów Wielkopolski";04399;0935140;0861011;"957228466 ";" ";zks@edu.gorzow.pl;http://;LUBUSKIE;"Gorzów Wielkopolski";"Gorzów Wielkopolski - gmina miejska";"381200324 ";" ";publiczna;"Dzieci lub młodzież";specjalna;;"MIASTO GORZÓW WIELKOPOLSKI";"Miasto na prawach powiatu";LUBUSKIE;"Gorzów Wielkopolski";"Gorzów Wielkopolski";2018-01-31;;"szkoła/placówka w zespole";"Zespół szkół i placówek oświatowych";50246;"ZESPÓŁ KSZTAŁCENIA SPECJALNEGO NR 1 IM. KAROLA WOJTYŁY W GORZOWIE WLKP."
80875;"Liceum ogólnokształcące";"VIII LICEUM OGÓLNOKSZTAŁCĄCE Z ODDZIAŁAMI INTEGRACYJNYMI IM. JÓZEFA PIŁSUDSKIEGO W GORZOWIE WLKP.";"ul. Ksawerego Dunikowskiego";"5 ";" ";"66-400 ";"Gorzów Wielkopolski";04399;0935140;0861011;"957213624 ";" ";zso16@edu.gorzow.pl;http://;LUBUSKIE;"Gorzów Wielkopolski";"Gorzów Wielkopolski - gmina miejska";"211260953 ";" ";publiczna;"Dzieci lub młodzież";"brak specyfiki";;"MIASTO GORZÓW WIELKOPOLSKI";"Miasto na prawach powiatu";LUBUSKIE;"Gorzów Wielkopolski";"Gorzów Wielkopolski";2002-01-23;;"szkoła/placówka w zespole";"Zespół szkół i placówek oświatowych";12244;"ZESPÓŁ SZKÓŁ OGÓLNOKSZTAŁCĄCYCH NR 16 W GORZOWIE WLKP."
71609;"Poradnia psychologiczno-pedagogiczna";"ZESPÓŁ PORADNI PSYCHOLOGICZNO-PEDAGOGICZNYCH W GORZOWIE WLKP.";"ul. Czereśniowa";"4i ";" ";"66-400 ";"Gorzów Wielkopolski";03376;0935140;0861011;"957320736 ";" ";zpp@edu.gorzow.pl;http://;LUBUSKIE;"Gorzów Wielkopolski";"Gorzów Wielkopolski - gmina miejska";"080035677 ";"5992930815 ";publiczna;"Bez kategorii";"brak specyfiki";"Anna Mikołajczak";"MIASTO GORZÓW WIELKOPOLSKI";"Miasto na prawach powiatu";LUBUSKIE;"Gorzów Wielkopolski";"Gorzów Wielkopolski";2005-04-27;;samodzielna;;;
83237;Technikum;"TECHNIKUM NR 4 W GORZOWIE WLKP.";"ul. Śląska";"64c ";" ";"66-400 ";"Gorzów Wielkopolski";22308;0935140;0861011;"957280892 ";" ";zsod@edu.gorzow.pl;http://;LUBUSKIE;"Gorzów Wielkopolski";"Gorzów Wielkopolski - gmina miejska";"211271253 ";" ";publiczna;"Dzieci lub młodzież";"brak specyfiki";;"MIASTO GORZÓW WIELKOPOLSKI";"Miasto na prawach powiatu";LUBUSKIE;"Gorzów Wielkopolski";"Gorzów Wielkopolski";2002-01-23;;"szkoła/placówka w zespole";"Zespół szkół i placówek oświatowych";13935;"ZESPÓŁ SZKÓŁ ODZIEŻOWYCH IM. KRZYSZTOFA KIEŚLOWSKIEGO W GORZOWIE WLKP."
80874;"Szkoła podstawowa";"SZKOŁA PODSTAWOWA NR 16 Z ODDZIAŁAMI INTEGRACYJNYMI IM. JÓZEFA PIŁSUDSKIEGO W GORZOWIE WLKP.";"ul. Ksawerego Dunikowskiego";"5 ";" ";"66-400 ";"Gorzów Wielkopolski";04399;0935140;0861011;"957213624 ";" ";zso16@edu.gorzow.pl;http://;LUBUSKIE;"Gorzów Wielkopolski";"Gorzów Wielkopolski - gmina miejska";"210407970 ";" ";publiczna;"Dzieci lub młodzież";"brak specyfiki";;"MIASTO GORZÓW WIELKOPOLSKI";"Miasto na prawach powiatu";LUBUSKIE;"Gorzów Wielkopolski";"Gorzów Wielkopolski";1997-01-01;;"szkoła/placówka w zespole";"Zespół szkół i placówek oświatowych";12244;"ZESPÓŁ SZKÓŁ OGÓLNOKSZTAŁCĄCYCH NR 16 W GORZOWIE WLKP."
91328;"Centrum Kształcenia Zawodowego";"CENTRUM KSZTAŁCENIA ZAWODOWEGO W GORZOWIE WLKP.";"ul. Pomorska";"67 ";" ";"66-400 ";"Gorzów Wielkopolski";17088;0935140;0861011;"957332060 ";" ";ckz@edu.gorzow.pl;http://;LUBUSKIE;"Gorzów Wielkopolski";"Gorzów Wielkopolski - gmina miejska";"081092192 ";" ";publiczna;"Bez kategorii";"brak specyfiki";;"MIASTO GORZÓW WIELKOPOLSKI";"Miasto na prawach powiatu";LUBUSKIE;"Gorzów Wielkopolski";"Gorzów Wielkopolski";2001-09-01;;"szkoła/placówka w zespole";"Zespół szkół i placówek oświatowych";71572;"CENTRUM KSZTAŁCENIA ZAWODOWEGO W GORZOWIE WLKP."
274072;"Punkt przedszkolny";"PUNKT PRZEDSZKOLNY PRZY PRZEDSZKOLU NR 2";"ul. Mieszka I";"50 ";" ";"66-400 ";"Gorzów Wielkopolski";12832;0935140;0861011;" ";" ";p2@edu.gorzow.pl;http://;LUBUSKIE;"Gorzów Wielkopolski";"Gorzów Wielkopolski - gmina miejska";"385152148 ";" ";publiczna;"Dzieci lub młodzież";"brak specyfiki";"STANISŁAWA ZINIAK";"MIASTO GORZÓW WIELKOPOLSKI";"Miasto na prawach powiatu";LUBUSKIE;"Gorzów Wielkopolski";"Gorzów Wielkopolski";2019-12-01;;samodzielna;;;
